name,ra,dec,l_table,b_table,teff,e_teff,logg,feh,age,mass,vi0_spec,vi0_spec_lo,vi0_spec_hi,MV_spec,MV_spec_lo,MV_spec_hi,MI_mu,vi0_mu,teff_mu,tmax_hjd,amax,l,b,lb_table_mismatch_deg,MI_spec,dE_VI,dM_I,optical,nir_x,mode,bulge_window,AI_RC,EVI_RC,sEVI_RC,R_JKVI,mu_RC,smu_RC,QF,dist_ng_arcsec,nataf_set,RI_RC,EVI_src,AI_src,mu_src,D_src_kpc,D_RC_kpc,fAI_src_over_RC,e_EVI_src,e_AI_src,e_mu_src,n_xp_5arcmin,ebv_decaps_Dsrc,ebv_decaps_DRC,ebv_decaps_2kpc,ebv_decaps_4kpc,ebv_decaps_8kpc,stage_b,ok,nir_y,nir_used,E_JK,ks_rc,n_window,D_RC,mad_jk,AI_2.5,EVI_2.5,AIperEJK_2.5,EVIperEJK_2.5,AI_2.8,EVI_2.8,AIperEJK_2.8,EVIperEJK_2.8,AI_3.1,EVI_3.1,AIperEJK_3.1,EVIperEJK_3.1,AI_3.4,EVI_3.4,AIperEJK_3.4,EVIperEJK_3.4,AI_3.7,EVI_3.7,AIperEJK_3.7,EVIperEJK_3.7,EJK_gonzalez
MOA-2009-BLG-174S,270.53208,-31.424,-0.34,-4.34,5600.0,80.0,4.4,0.11,6.4,0.95,0.77,0.74,0.79,5.17,4.88,5.3,3.5,0.69,5774.0,4963.81,1100.0,-0.34276,-4.3353,0.005,4.4,-0.08,-0.9,decaps,vvv,law,True,1.203,0.985,0.064,0.3461,14.591,0.268,0.0,62.3,good,1.22132,0.905,1.10529,13.78871,5.72455,8.28324,0.91878,0.08498,0.10378,0.22082,2833,0.57959,0.58154,0.41016,0.50293,0.58154,True,True,vvv,VISTA,0.32289,13.2528,1533,8.47927,0.0679,1.33207,1.05411,4.12545,3.2646,1.26507,0.88015,3.91796,2.72583,1.22023,0.76356,3.77908,2.36477,1.18811,0.67996,3.67961,2.10586,1.16397,0.61707,3.60484,1.91109,0.34091
MOA-2009-BLG-259S,269.48962,-29.19428,1.15,-2.45,4915.0,104.0,3.3,0.34,1.5,1.17,1.0,0.96,1.04,2.78,1.98,3.29,2.88,0.8,5421.0,5016.77,204.0,1.15326,-2.45079,0.003,1.78,-0.2,1.1,decaps,vvv,law,True,1.226,0.972,0.109,0.3762,14.512,0.202,0.0,16.4,good,1.26132,0.772,0.97374,15.86426,14.88856,7.9873,0.79424,0.12642,0.15945,0.65996,5291,0.59863,0.59033,0.36328,0.5625,0.59033,False,True,vvv,VISTA,0.39259,12.99,3081,7.35142,0.08139,1.61961,1.28165,4.12545,3.2646,1.53816,1.07014,3.91796,2.72583,1.48363,0.92838,3.77908,2.36477,1.44458,0.82674,3.67961,2.10586,1.41523,0.75028,3.60484,1.91109,0.36567
MOA-2010-BLG-167S,272.86404,-29.68404,2.16,-5.26,5406.0,49.0,3.9,-0.6,12.9,0.87,0.8,0.78,0.81,4.01,3.58,4.05,2.71,0.7,5751.0,5380.88,22.0,2.15832,-5.2561,0.004,3.21,-0.1,-0.5,decaps,vvv,law,True,0.691,0.561,0.026,0.3537,14.458,0.28,0.0,185.1,good,1.23173,0.461,0.56783,14.08117,6.5499,7.79112,0.82175,0.05832,0.07183,0.24364,2742,0.32129,0.32153,0.19983,0.28223,0.32153,True,True,vvv,VISTA,0.18299,12.8993,939,7.52627,0.07042,0.75492,0.59739,4.12545,3.2646,0.71695,0.4988,3.91796,2.72583,0.69154,0.43273,3.77908,2.36477,0.67333,0.38535,3.67961,2.10586,0.65965,0.34971,3.60484,1.91109,0.19843
MOA-2010-BLG-311S,272.20825,-25.95119,5.17,-2.96,5442.0,86.0,3.8,0.51,3.6,1.27,0.82,0.79,0.84,3.54,2.8,3.89,3.14,0.73,5630.0,5365.19,540.0,5.16563,-2.95955,0.004,2.72,-0.09,0.42,decaps,vvv,law,True,1.565,1.28,0.169,0.3475,14.44,0.28,0.0,106.1,good,1.22266,1.19,1.45496,14.97004,9.86297,7.72681,0.92969,0.17801,0.21764,0.54927,2365,0.80908,0.79639,0.37793,0.58496,0.79785,False,True,vvv,VISTA,0.40149,13.0256,1127,7.45226,0.094,1.65633,1.31071,4.12545,3.2646,1.57303,1.0944,3.91796,2.72583,1.51727,0.94943,3.77908,2.36477,1.47733,0.84548,3.67961,2.10586,1.44731,0.76728,3.60484,1.91109,0.4448
MOA-2010-BLG-446S,271.76771,-28.06605,3.12,-3.64,6308.0,111.0,4.5,-0.4,3.1,1.08,0.57,0.53,0.59,4.33,3.95,4.48,,,,5413.89,61.0,3.12107,-3.63802,0.002,3.76,,,decaps,vvv,law,True,1.278,1.094,0.086,0.3078,14.471,0.24,0.0,137.9,good,1.16819,,,,,7.83791,,0.1039,0.12138,0.27361,3088,,0.65918,0.42847,0.62012,0.65918,False,True,vvv,VISTA,0.32944,13.04475,1710,7.68887,0.08065,1.35909,1.07549,4.12545,3.2646,1.29074,0.898,3.91796,2.72583,1.24498,0.77905,3.77908,2.36477,1.21221,0.69376,3.67961,2.10586,1.18758,0.62959,3.60484,1.91109,0.33673
MOA-2010-BLG-523S,269.28696,-29.74956,0.58,-2.58,5122.0,79.0,3.6,0.06,3.3,1.29,0.9,0.87,0.92,3.47,2.7,3.83,,0.75,5573.0,5432.63,290.0,0.58353,-2.57527,0.006,2.57,-0.15,,decaps,vvv,law,True,1.523,1.185,0.099,0.3935,14.542,0.197,0.0,82.2,good,1.28523,1.035,1.33022,,,8.09841,0.87342,0.11369,0.14612,0.56955,4649,,0.67627,0.45483,0.65625,0.67627,False,True,vvv,VISTA,0.42134,13.1491,2954,7.83977,0.08903,1.73822,1.37551,4.12545,3.2646,1.6508,1.1485,3.91796,2.72583,1.59228,0.99637,3.77908,2.36477,1.55037,0.88728,3.67961,2.10586,1.51887,0.80522,3.60484,1.91109,0.4663
OGLE-2011-BLG-0950S,269.31925,-32.66588,-1.93,-4.05,6130.0,121.0,4.2,0.33,2.4,1.27,0.6,0.57,0.64,3.78,3.22,4.11,3.41,0.63,5990.0,5786.4,115.0,-1.93446,-4.05412,0.006,3.18,0.03,0.23,decaps,vvv,law,True,1.334,1.031,0.047,0.3998,14.669,0.253,0.0,49.4,good,1.29389,1.061,1.37282,14.86018,9.37641,8.58618,1.0291,0.07703,0.09967,0.45195,2975,0.66113,0.66064,0.48462,0.59668,0.66064,False,True,vvv,VISTA,0.36139,13.2648,1795,8.42464,0.06479,1.4909,1.1798,4.12545,3.2646,1.41592,0.98509,3.91796,2.72583,1.36573,0.8546,3.77908,2.36477,1.32978,0.76104,3.67961,2.10586,1.30276,0.69065,3.60484,1.91109,0.41219
OGLE-2011-BLG-0969S,272.42137,-31.18464,0.65,-5.63,6150.0,200.0,4.14,-1.57,11.6,0.79,0.59,0.55,0.64,4.7,3.2,5.05,2.94,0.58,6296.0,5790.4,37.0,0.64983,-5.63347,0.003,4.11,-0.01,-1.17,decaps,vvv,law,True,0.723,0.61,0.068,0.3208,14.569,0.321,0.0,142.2,good,1.18525,0.6,0.71115,13.41085,4.81028,8.19974,0.98361,0.09565,0.11337,0.92843,2352,0.36133,0.38818,0.22827,0.29907,0.38818,False,True,vvv,VISTA,0.16239,13.3125,874,9.16232,0.07205,0.66993,0.53014,4.12545,3.2646,0.63624,0.44265,3.91796,2.72583,0.61369,0.38402,3.77908,2.36477,0.59753,0.34197,3.67961,2.10586,0.58539,0.31034,3.60484,1.91109,0.19569
MOA-2011-BLG-034S,272.55096,-27.534,3.92,-3.99,5440.0,91.0,4.1,0.11,12.4,0.96,0.79,0.77,0.82,4.32,3.83,4.56,,0.65,5922.0,5638.62,240.0,3.92276,-3.98908,0.003,3.53,-0.14,,decaps,vvv,law,True,0.899,0.703,0.107,0.3887,14.415,0.262,0.0,93.1,good,1.27881,0.563,0.71997,,,7.63836,0.80085,0.12072,0.15438,0.37193,3185,,0.35474,0.22119,0.31079,0.35474,False,True,vvv,VISTA,0.22849,13.04715,1484,7.9432,0.06879,0.94263,0.74593,4.12545,3.2646,0.89522,0.62283,3.91796,2.72583,0.86349,0.54033,3.77908,2.36477,0.84076,0.48117,3.67961,2.10586,0.82367,0.43667,3.60484,1.91109,0.27326
MOA-2011-BLG-058S,272.2515,-29.23685,2.3,-4.57,5256.0,100.0,4.0,0.37,10.1,1.0,0.85,0.82,0.88,4.2,3.69,4.46,3.29,0.8,5421.0,5646.92,90.0,2.29743,-4.57403,0.005,3.35,-0.05,-0.06,decaps,vvv,law,True,0.896,0.722,0.071,0.3616,14.454,0.253,0.0,150.1,good,1.241,0.672,0.83395,14.45605,7.78413,7.77678,0.93075,0.09187,0.11402,0.39174,2972,0.50293,0.50293,0.21436,0.44922,0.50293,False,True,vvv,VISTA,0.22964,13.05415,1360,7.966,0.07072,0.94737,0.74969,4.12545,3.2646,0.89972,0.62596,3.91796,2.72583,0.86783,0.54305,3.77908,2.36477,0.84499,0.48359,3.67961,2.10586,0.82782,0.43886,3.60484,1.91109,0.26108
OGLE-2011-BLG-1072S,269.22475,-28.84814,1.34,-2.08,5515.0,89.0,3.9,0.36,4.8,1.19,0.79,0.76,0.81,3.62,3.09,4.0,2.66,0.79,5450.0,5775.4,365.0,1.33739,-2.07715,0.004,2.83,0.0,-0.17,decaps,vvv,law,True,1.932,1.57,0.122,0.3531,14.492,0.194,0.0,86.2,good,1.23057,1.57,1.932,14.322,7.31813,7.91407,1.0,0.1342,0.16514,0.46017,3990,0.94434,0.94824,0.70703,0.89795,0.94873,False,True,vvv,VISTA,0.51829,13.08545,3068,7.38687,0.09296,2.13818,1.69201,4.12545,3.2646,2.03064,1.41277,3.91796,2.72583,1.95866,1.22564,3.77908,2.36477,1.90711,1.09145,3.67961,2.10586,1.86836,0.9905,3.60484,1.91109,0.55437
MOA-2011-BLG-090S,272.62438,-26.64529,4.74,-3.62,5367.0,49.0,4.1,-0.26,14.3,0.91,0.8,0.79,0.81,4.26,3.98,4.29,3.77,0.67,5857.0,5692.26,38.0,4.73586,-3.6205,0.004,3.46,-0.13,0.31,decaps,vvv,law,True,1.146,0.973,0.105,0.3144,14.43,0.284,0.0,139.9,good,1.1778,0.843,0.99289,14.89311,9.51969,7.6913,0.86639,0.11673,0.13748,0.16623,2697,0.62744,0.62646,0.38013,0.55615,0.62646,True,True,vvv,VISTA,0.33114,12.98985,1394,7.49294,0.07962,1.3661,1.08104,4.12545,3.2646,1.2974,0.90263,3.91796,2.72583,1.25141,0.78307,3.77908,2.36477,1.21847,0.69734,3.67961,2.10586,1.19371,0.63284,3.60484,1.91109,0.30591
MOA-2011-BLG-104S,268.59367,-29.8338,0.21,-2.1,5900.0,173.0,4.15,-0.85,11.6,0.82,0.65,0.62,0.7,4.04,3.45,5.12,3.5,0.73,5644.0,5670.31,44.0,0.20804,-2.09743,0.003,3.39,0.08,0.11,decaps,vvv,law,True,1.308,1.052,0.095,0.3629,14.525,0.165,0.0,51.8,good,1.24335,1.132,1.40747,14.53553,8.07433,8.03526,1.07605,0.11456,0.14244,0.83879,5998,0.66504,0.66504,0.37061,0.6543,0.66504,False,True,vvv,VISTA,0.37159,13.0707,3549,7.67983,0.07235,1.53298,1.2131,4.12545,3.2646,1.45588,1.01289,3.91796,2.72583,1.40427,0.87872,3.77908,2.36477,1.36731,0.78252,3.67961,2.10586,1.33953,0.71014,3.60484,1.91109,0.38177
OGLE-2011-BLG-1105S,268.702,-31.43274,-1.13,-2.98,5666.0,113.0,4.5,0.0,4.9,0.93,0.75,0.71,0.78,5.15,4.73,5.33,4.03,0.78,5480.0,5780.77,76.0,-1.12715,-2.98405,0.005,4.4,0.03,-0.37,decaps,vvv,law,True,1.856,1.488,0.156,0.3655,14.657,0.207,0.0,63.5,good,1.24731,1.518,1.89342,14.24958,7.07809,8.53886,1.02016,0.16751,0.20894,0.30951,3174,0.90283,0.90332,0.56836,0.89062,0.90332,True,True,vvv,VISTA,0.45309,13.2607,2557,8.17201,0.08525,1.8692,1.47916,4.12545,3.2646,1.77519,1.23505,3.91796,2.72583,1.71227,1.07145,3.77908,2.36477,1.66719,0.95414,3.67961,2.10586,1.63332,0.8659,3.60484,1.91109,0.54386
MOA-2011-BLG-174S,269.33592,-30.37988,0.06,-2.93,6172.0,111.0,4.4,-0.18,3.5,1.09,0.6,0.56,0.62,4.34,3.81,4.47,4.27,0.66,5893.0,5716.13,160.0,0.05809,-2.92692,0.004,3.74,0.06,0.53,decaps,vvv,law,True,1.86,1.55,0.114,0.3309,14.58,0.205,0.0,29.8,good,1.2,1.61,1.932,15.038,10.17654,8.24138,1.03871,0.12805,0.15366,0.33734,2935,1.03027,1.02832,0.68604,1.00293,1.02832,False,True,vvv,VISTA,0.48109,13.2523,2591,8.06979,0.07265,1.98472,1.57057,4.12545,3.2646,1.8849,1.31137,3.91796,2.72583,1.81808,1.13767,3.77908,2.36477,1.77022,1.01311,3.67961,2.10586,1.73426,0.91941,3.60484,1.91109,0.5129
MOA-2011-BLG-191S,267.91729,-29.8906,-0.14,-1.62,5382.0,92.0,3.8,0.26,3.8,1.19,0.81,0.79,0.84,3.57,2.97,3.93,2.5,0.67,5841.0,5763.32,375.0,-0.13874,-1.62081,0.002,2.76,-0.14,-0.26,decaps,vvv,law,True,2.546,2.131,0.173,0.327,14.441,0.078,0.0,28.3,good,1.19474,1.991,2.37874,14.34826,7.40718,7.73036,0.9343,0.18181,0.21721,0.48462,2977,1.3418,1.34375,0.48877,1.10156,1.34473,False,True,vvv,VISTA,0.62889,13.288,3461,7.83452,0.08362,2.59446,2.05308,4.12545,3.2646,2.46397,1.71425,3.91796,2.72583,2.37663,1.48718,3.77908,2.36477,2.31407,1.32435,3.67961,2.10586,2.26705,1.20187,3.60484,1.91109,0.69684
MOA-2011-BLG-234S,272.73658,-26.5635,4.86,-3.67,5778.0,88.0,4.4,-0.02,6.4,0.98,0.71,0.68,0.73,4.84,4.53,5.03,4.98,0.74,5606.0,5736.73,1270.0,4.85596,-3.66938,0.004,4.13,0.03,0.85,decaps,vvv,law,True,1.06,0.869,0.071,0.3453,14.431,0.28,0.0,50.4,good,1.21979,0.899,1.09659,15.24441,11.19132,7.69485,1.03452,0.09037,0.11023,0.25913,2731,0.57227,0.57178,0.37134,0.51953,0.57178,False,True,vvv,VISTA,0.28059,12.986,1333,7.59835,0.07502,1.15756,0.91602,4.12545,3.2646,1.09934,0.76484,3.91796,2.72583,1.06038,0.66353,3.77908,2.36477,1.03246,0.59088,3.67961,2.10586,1.01149,0.53623,3.60484,1.91109,0.30007
MOA-2011-BLG-278S,268.54717,-30.08932,-0.03,-2.19,5307.0,159.0,4.0,0.52,10.2,0.95,0.84,0.8,0.88,4.28,3.53,4.94,4.49,0.86,5263.0,5744.74,320.0,-0.03301,-2.19172,0.003,3.44,0.02,1.05,decaps,vvv,law,True,1.37,1.123,0.1,0.3457,14.534,0.168,0.0,48.3,good,1.21995,1.143,1.3944,15.5596,12.93958,8.06863,1.01781,0.11874,0.14486,0.70931,5533,0.73779,0.72559,0.36743,0.68359,0.7251,False,True,vvv,VISTA,0.38739,13.14,3624,7.88996,0.07265,1.59816,1.26468,4.12545,3.2646,1.51778,1.05596,3.91796,2.72583,1.46398,0.91609,3.77908,2.36477,1.42544,0.81579,3.67961,2.10586,1.39648,0.74034,3.60484,1.91109,0.38822
OGLE-2011-BLG-1410S,263.20671,-29.38628,-1.87,2.12,4831.0,108.0,3.3,0.22,6.5,1.02,1.0,0.97,1.04,2.88,2.14,3.44,2.13,,,5835.1,26.0,-1.86913,2.12374,0.004,1.88,,0.25,decaps,vvv,law,True,,,,,,,,,none,,,,,,,,0.06103,,,1295,,,1.12402,1.57715,1.58008,False,True,vvv,VISTA,0.72229,13.4411,2861,8.16583,0.09177,2.97977,2.35799,4.12545,3.2646,2.82991,1.96884,3.91796,2.72583,2.7296,1.70805,3.77908,2.36477,2.65774,1.52104,3.67961,2.10586,2.60374,1.38036,3.60484,1.91109,
MOA-2011-BLG-445S,271.19013,-28.59557,2.41,-3.45,4870.0,102.0,3.5,0.26,8.2,0.98,1.0,0.95,1.03,3.3,2.72,3.8,3.2,0.92,5114.0,5873.09,33.0,2.40992,-3.45075,0.001,2.3,-0.08,0.9,decaps,vvv,law,True,0.894,0.761,0.064,0.3129,14.498,0.244,0.0,28.5,good,1.17477,0.681,0.80002,15.49198,12.54285,7.93597,0.89488,0.09053,0.10635,0.54521,3863,0.44653,0.44604,0.22839,0.42554,0.44604,False,True,vvv,VISTA,0.23774,13.03195,1964,7.86511,0.0642,0.98079,0.77613,4.12545,3.2646,0.93146,0.64804,3.91796,2.72583,0.89844,0.5622,3.77908,2.36477,0.87479,0.50065,3.67961,2.10586,0.85702,0.45434,3.60484,1.91109,0.23812
MOA-2012-BLG-022S,269.42071,-27.49902,2.59,-1.55,5827.0,111.0,4.3,0.42,3.4,1.14,0.71,0.67,0.74,4.48,4.08,4.7,3.7,0.82,5366.0,6021.4,,2.59242,-1.55137,0.003,3.77,0.11,-0.07,decaps,vvv,law,True,2.497,2.116,0.198,0.3164,14.479,0.201,0.0,346.4,good,1.18006,2.226,2.62681,14.27919,7.17528,7.86683,1.05198,0.20719,0.2445,0.31826,1968,1.32227,1.3584,0.53467,0.83643,1.36719,True,True,vvv,VISTA,0.68029,13.19245,2188,7.3782,0.09541,2.8065,2.22088,4.12545,3.2646,2.66535,1.85436,3.91796,2.72583,2.57088,1.60873,3.77908,2.36477,2.5032,1.4326,3.67961,2.10586,2.45234,1.3001,3.60484,1.91109,0.6695
OGLE-2012-BLG-0026S,263.57792,-27.14275,0.19,3.07,4815.0,145.0,3.4,0.5,6.5,1.03,1.02,0.97,1.07,3.13,2.29,3.74,2.68,1.04,4878.0,5991.52,135.0,0.19492,3.0665,0.006,2.11,0.02,0.57,decaps,vvv,law,True,2.271,1.835,0.11,0.3584,14.585,0.212,0.0,29.6,good,1.2376,1.855,2.29575,15.13025,10.61817,8.26038,1.0109,0.13077,0.16184,0.73026,1515,1.11719,1.11719,0.82324,1.0957,1.11719,False,True,vvv,VISTA,0.63354,13.28665,2230,7.81832,0.09452,2.61364,2.06826,4.12545,3.2646,2.48219,1.72693,3.91796,2.72583,2.3942,1.49817,3.77908,2.36477,2.33118,1.33415,3.67961,2.10586,2.28381,1.21075,3.60484,1.91109,0.65766
MOA-2012-BLG-187S,272.009,-29.46985,1.99,-4.5,5892.0,94.0,4.2,-0.74,11.6,0.83,0.67,0.64,0.68,4.61,4.1,4.95,3.71,0.71,5715.0,6040.67,33.0,1.9906,-4.5005,0.001,3.94,0.04,-0.23,decaps,vvv,law,True,1.002,0.827,0.115,0.3398,14.485,0.259,0.0,144.8,good,1.21161,0.867,1.05046,14.20654,6.93916,7.8886,1.04837,0.12698,0.15386,0.42998,2971,0.58887,0.58887,0.31689,0.54883,0.58887,False,True,vvv,VISTA,0.25999,12.994,1265,7.67548,0.0725,1.07258,0.84877,4.12545,3.2646,1.01863,0.70869,3.91796,2.72583,0.98253,0.61482,3.77908,2.36477,0.95666,0.5475,3.67961,2.10586,0.93723,0.49687,3.60484,1.91109,0.28101
MOA-2012-BLG-202S,273.14517,-25.04994,6.36,-3.27,4862.0,93.0,3.9,-0.15,14.7,0.97,0.95,0.91,0.97,3.93,3.52,4.14,5.09,0.9,5151.0,6039.63,200.0,6.36394,-3.26878,0.004,2.98,-0.05,2.11,ps1,vvv,law,True,2.005,1.514,0.109,0.4215,14.51,0.34,0.0,107.9,good,1.32431,1.464,1.93878,16.68622,21.73918,7.97995,0.96697,0.12362,0.16371,0.31947,1268,,,,,,False,True,vvv,2MASS,0.63298,12.965,838,6.73611,0.11638,2.50988,1.98615,3.9652,3.13779,2.38514,1.6594,3.76812,2.62158,2.30158,1.44022,3.63612,2.27531,2.24171,1.28294,3.54153,2.02684,2.1967,1.16457,3.47042,1.83983,0.63815
OGLE-2012-BLG-0211S,272.54567,-25.02783,6.12,-2.78,5573.0,75.0,4.0,-0.03,7.8,1.02,0.76,0.74,0.78,3.89,3.45,4.23,2.99,0.7,5742.0,6013.12,2000.0,6.12267,-2.78147,0.003,3.13,-0.06,-0.14,ps1,vvv,law,True,1.94,1.548,0.14,0.3701,14.425,0.311,0.0,153.0,good,1.25323,1.488,1.86481,14.36019,7.44798,7.67361,0.96124,0.15,0.18798,0.3958,2034,,,,,,False,True,vvv,2MASS,0.53948,12.915,892,6.76793,0.0934,2.13914,1.69277,3.9652,3.13779,2.03282,1.41429,3.76812,2.62158,1.96161,1.22748,3.63612,2.27531,1.91058,1.09343,3.54153,2.02684,1.87222,0.99255,3.47042,1.83983,0.57291
OGLE-2012-BLG-0270S,258.67692,-29.59733,-4.26,5.27,5914.0,145.0,4.3,-0.84,11.6,0.83,0.67,0.62,0.69,4.92,4.2,5.28,3.07,0.62,6081.0,6034.67,46.0,-4.26365,5.26702,0.005,4.25,-0.05,-1.18,decaps,2mass,law,True,0.902,0.768,0.0,0.3124,14.716,0.271,0.0,192.1,good,1.17448,0.718,0.84328,13.59472,5.23534,8.77405,0.9349,0.06103,0.07168,0.54474,2183,0.45947,0.45972,0.34155,0.41748,0.45972,False,True,2mass,2MASS,0.26348,13.35,862,8.97466,0.08006,1.04474,0.82674,3.9652,3.13779,0.99282,0.69073,3.76812,2.62158,0.95804,0.59949,3.63612,2.27531,0.93312,0.53403,3.54153,2.02684,0.91438,0.48475,3.47042,1.83983,0.23992
MOA-2012-BLG-291S,270.6795,-28.38357,2.38,-2.96,5156.0,107.0,4.1,0.16,14.7,0.96,0.87,0.84,0.89,4.34,3.89,4.52,4.02,0.91,5135.0,6070.06,34.0,2.37519,-2.95562,0.007,3.47,0.04,0.55,decaps,vvv,law,True,0.909,0.727,0.083,0.3676,14.487,0.222,0.0,69.6,good,1.25034,0.767,0.95901,14.98699,9.94025,7.89587,1.05502,0.10007,0.12512,0.32266,4270,0.47168,0.47119,0.26807,0.448,0.47119,False,True,vvv,VISTA,0.27259,12.9839,2321,7.60994,0.07235,1.12456,0.8899,4.12545,3.2646,1.068,0.74304,3.91796,2.72583,1.03014,0.64461,3.77908,2.36477,1.00303,0.57404,3.67961,2.10586,0.98265,0.52095,3.60484,1.91109,0.26725
MOA-2012-BLG-391S,269.73612,-31.44189,-0.69,-3.75,5505.0,76.0,3.9,-0.24,6.7,1.01,0.78,0.75,0.79,3.65,3.27,4.1,3.92,0.81,5390.0,6101.59,48.0,-0.69371,-3.75305,0.005,2.87,0.03,1.05,decaps,vvv,law,True,1.471,1.207,0.031,0.3448,14.598,0.236,0.0,105.6,good,1.21872,1.237,1.50756,15.61144,13.25219,8.30998,1.02486,0.06214,0.07573,0.42016,3177,0.69287,0.69287,0.40674,0.65088,0.69287,False,True,vvv,VISTA,0.39639,13.2537,2037,8.29082,0.07042,1.63529,1.29406,4.12545,3.2646,1.55304,1.08049,3.91796,2.72583,1.49799,0.93737,3.77908,2.36477,1.45856,0.83474,3.67961,2.10586,1.42893,0.75754,3.60484,1.91109,0.41617
MOA-2012-BLG-410S,272.59425,-25.17134,6.02,-2.89,5509.0,80.0,3.9,-0.14,6.1,1.06,0.77,0.75,0.79,3.64,3.27,4.07,5.32,0.94,5056.0,6103.22,240.0,6.01788,-2.88907,0.002,2.87,0.17,2.45,ps1,vvv,law,True,1.959,1.569,0.15,0.3667,14.436,0.314,0.0,98.6,good,1.24857,1.739,2.17126,16.67374,21.61468,7.71259,1.10835,0.15937,0.19899,0.40561,2022,,,,,,False,True,vvv,2MASS,0.53448,13.0485,912,7.20776,0.1023,2.11931,1.67708,3.9652,3.13779,2.01398,1.40118,3.76812,2.62158,1.94343,1.2161,3.63612,2.27531,1.89287,1.0833,3.54153,2.02684,1.85486,0.98335,3.47042,1.83983,0.57535
OGLE-2012-BLG-0521S,271.40308,-25.76317,4.98,-2.23,5013.0,84.0,3.7,0.09,5.6,1.04,0.91,0.9,0.96,3.76,3.23,4.08,2.98,0.85,5283.0,6058.6,165.0,4.97824,-2.23479,0.005,2.85,-0.06,0.13,decaps,vvv,law,True,2.123,1.806,0.198,0.3132,14.475,0.287,0.0,119.9,good,1.17553,1.746,2.05247,14.67553,8.61205,7.85236,0.96678,0.20641,0.24264,0.43049,2332,1.18945,1.1416,0.5293,0.8667,1.14844,False,True,vvv,VISTA,0.53029,13.06865,1720,7.3026,0.08251,2.18769,1.73119,4.12545,3.2646,2.07766,1.44548,3.91796,2.72583,2.00401,1.25401,3.77908,2.36477,1.95126,1.11672,3.67961,2.10586,1.91161,1.01343,3.60484,1.91109,0.56564
MOA-2012-BLG-532S,269.67137,-30.03661,0.5,-3.01,5626.0,207.0,3.9,-0.55,11.6,0.92,0.75,0.68,0.8,3.97,2.95,4.9,4.15,0.67,5864.0,6151.63,151.0,0.50075,-3.00729,0.003,3.22,-0.08,0.93,decaps,vvv,law,True,1.27,1.034,0.111,0.3516,14.568,0.212,0.0,26.8,good,1.22824,0.954,1.17174,15.59626,13.15988,8.19596,0.92263,0.13572,0.1667,0.97971,4637,0.66016,0.65918,0.37915,0.63623,0.65918,False,True,vvv,VISTA,0.35249,13.0906,2615,7.79677,0.07235,1.45418,1.15074,4.12545,3.2646,1.38105,0.96083,3.91796,2.72583,1.33209,0.83356,3.77908,2.36477,1.29703,0.7423,3.67961,2.10586,1.27067,0.67364,3.60484,1.91109,0.36355
OGLE-2012-BLG-0563S,271.4905,-27.712,3.31,-3.25,5907.0,89.0,4.4,-0.66,8.7,0.86,0.66,0.64,0.69,4.94,4.69,5.17,4.36,0.58,6257.0,6069.06,440.0,3.31221,-3.25204,0.003,4.28,-0.08,0.08,decaps,vvv,law,True,1.023,0.863,0.112,0.32,14.48,0.243,0.0,227.2,good,1.1854,0.783,0.92817,14.65483,8.53034,7.87046,0.9073,0.12518,0.14838,0.24898,3976,0.48999,0.48999,0.28394,0.45288,0.48999,False,True,vvv,VISTA,0.23459,12.9674,1851,7.64224,0.07591,0.96779,0.76585,4.12545,3.2646,0.91912,0.63945,3.91796,2.72583,0.88654,0.55475,3.77908,2.36477,0.8632,0.49401,3.67961,2.10586,0.84566,0.44832,3.60484,1.91109,0.27616
OGLE-2012-BLG-0617S,268.72446,-31.13864,-0.86,-2.85,4924.0,71.0,3.7,-0.14,12.6,0.96,0.95,0.92,0.97,3.75,3.24,3.99,3.42,1.03,4867.0,6068.6,500.0,-0.86301,-2.85262,0.004,2.8,0.08,0.62,decaps,vvv,law,True,1.458,1.177,0.15,0.3592,14.618,0.201,0.0,73.8,good,1.23874,1.257,1.5571,15.1389,10.66056,8.38687,1.06797,0.16008,0.1983,0.38134,4065,0.85254,0.85156,0.46265,0.83154,0.85107,False,True,vvv,VISTA,0.42719,13.1679,2740,7.89354,0.08747,1.76235,1.39461,4.12545,3.2646,1.67372,1.16445,3.91796,2.72583,1.61439,1.01021,3.77908,2.36477,1.57189,0.8996,3.67961,2.10586,1.53996,0.8164,3.60484,1.91109,0.42278
OGLE-2012-BLG-0816S,269.56658,-29.95596,0.53,-2.89,5395.0,131.0,3.5,-0.1,1.6,1.59,0.81,0.77,0.85,2.82,1.84,3.55,3.2,0.72,5673.0,6175.52,31.0,0.52559,-2.88844,0.005,2.01,-0.09,1.19,decaps,vvv,law,True,1.15,0.945,0.082,0.343,14.562,0.208,0.0,74.7,good,1.21693,0.855,1.04048,15.86152,14.86979,8.17335,0.90476,0.10404,0.12661,0.85854,4933,0.62793,0.62646,0.35474,0.61426,0.62646,False,True,vvv,VISTA,0.34489,13.1331,2651,7.96972,0.08006,1.42283,1.12593,4.12545,3.2646,1.35127,0.94011,3.91796,2.72583,1.30337,0.81559,3.77908,2.36477,1.26906,0.72629,3.67961,2.10586,1.24328,0.65912,3.60484,1.91109,0.32414
OGLE-2012-BLG-1156S,270.14979,-28.18756,2.32,-2.45,6200.0,200.0,4.25,-1.89,13.1,0.76,0.58,0.54,0.63,4.83,3.53,5.22,3.56,0.63,6058.0,6134.23,21.0,2.31572,-2.45315,0.005,4.25,0.05,-0.69,decaps,vvv,law,True,1.367,1.116,0.069,0.3486,14.48,0.202,0.0,106.3,good,1.22491,1.166,1.42825,13.72875,5.56866,7.87046,1.0448,0.09636,0.11804,0.84901,4007,0.6958,0.69873,0.40796,0.68457,0.69873,False,True,vvv,VISTA,0.38959,13.0554,2807,7.58328,0.06687,1.60724,1.27186,4.12545,3.2646,1.5264,1.06196,3.91796,2.72583,1.4723,0.92129,3.77908,2.36477,1.43354,0.82042,3.67961,2.10586,1.40441,0.74454,3.60484,1.91109,0.38904
OGLE-2012-BLG-1217S,272.57021,-27.63306,3.84,-4.05,5795.0,78.0,4.3,-0.41,10.2,0.89,0.69,0.67,0.72,4.86,4.47,5.11,3.67,0.71,5712.0,6147.34,26.0,3.84378,-4.05151,0.004,4.17,0.02,-0.5,decaps,vvv,law,True,0.918,0.78,0.052,0.314,14.409,0.257,0.0,118.6,good,1.17692,0.8,0.94154,13.88546,5.98539,7.61728,1.02564,0.07635,0.08986,0.32669,3232,0.45117,0.45337,0.34961,0.39526,0.45337,False,True,vvv,VISTA,0.23559,12.9115,1347,7.4457,0.07131,0.97192,0.76911,4.12545,3.2646,0.92304,0.64218,3.91796,2.72583,0.89032,0.55712,3.77908,2.36477,0.86688,0.49612,3.67961,2.10586,0.84927,0.45023,3.60484,1.91109,0.24492
OGLE-2012-BLG-1274S,266.25271,-34.54708,-4.86,-2.81,5733.0,51.0,4.1,0.07,8.2,1.06,0.71,0.7,0.73,3.87,3.66,4.13,3.39,0.68,5811.0,6165.25,960.0,-4.85856,-2.81289,0.003,3.16,-0.03,0.23,decaps,vvv,law,True,1.62,1.271,0.062,0.385,14.751,0.268,0.0,150.3,good,1.27459,1.241,1.58176,15.01924,10.08899,8.91661,0.9764,0.08105,0.1033,0.24424,3243,0.71094,0.70947,0.56201,0.65967,0.70801,True,True,vvv,VISTA,0.42599,13.3283,2097,8.50186,0.07013,1.7574,1.39069,4.12545,3.2646,1.66902,1.16118,3.91796,2.72583,1.60985,1.00737,3.77908,2.36477,1.56748,0.89708,3.67961,2.10586,1.53563,0.81411,3.60484,1.91109,0.48934
OGLE-2012-BLG-1279S,269.21833,-31.7817,-1.21,-3.54,5796.0,63.0,4.4,-0.62,11.6,0.82,0.69,0.68,0.71,5.14,4.87,5.33,4.11,0.61,6117.0,6184.2,1535.0,-1.20885,-3.53947,0.001,4.45,-0.08,-0.34,decaps,vvv,law,True,1.48,1.219,0.068,0.3415,14.652,0.233,0.0,77.1,good,1.21411,1.139,1.38287,14.40913,7.61773,8.51922,0.93437,0.08573,0.10408,0.23857,3424,0.7085,0.7085,0.42554,0.68311,0.7085,True,True,vvv,VISTA,0.39019,13.241,2223,8.2584,0.07398,1.60971,1.27382,4.12545,3.2646,1.52875,1.06359,3.91796,2.72583,1.47456,0.92271,3.77908,2.36477,1.43575,0.82169,3.67961,2.10586,1.40658,0.74569,3.60484,1.91109,0.41629
OGLE-2012-BLG-1526S,272.42971,-28.81256,2.75,-4.51,5200.0,61.0,3.85,-0.24,9.5,0.97,0.85,0.83,0.87,3.95,3.48,4.13,2.99,0.69,5782.0,6214.91,13.0,2.74593,-4.50756,0.005,3.1,-0.16,-0.11,decaps,vvv,law,True,0.825,0.668,0.06,0.3564,14.415,0.248,0.0,154.8,good,1.23503,0.508,0.6274,14.5026,7.95282,7.63836,0.76048,0.08062,0.09957,0.33174,2475,0.37744,0.37744,0.21814,0.2937,0.37744,False,True,vvv,VISTA,0.21489,12.971,1287,7.70203,0.06894,0.88652,0.70153,4.12545,3.2646,0.84193,0.58576,3.91796,2.72583,0.81209,0.50817,3.77908,2.36477,0.79071,0.45253,3.67961,2.10586,0.77465,0.41068,3.60484,1.91109,0.23808
OGLE-2012-BLG-1534S,270.19312,-28.01675,2.48,-2.4,5920.0,52.0,4.05,-0.15,6.3,1.12,0.65,0.64,0.67,3.64,3.34,3.86,2.61,0.64,5971.0,6206.96,83.0,2.48321,-2.40186,0.004,2.99,-0.01,-0.38,decaps,vvv,law,True,1.339,1.141,0.106,0.3121,14.48,0.201,0.0,73.2,good,1.17353,1.131,1.32726,14.11174,6.64274,7.87046,0.99124,0.11816,0.13866,0.26712,3865,0.69629,0.69824,0.41675,0.65234,0.69824,True,True,vvv,VISTA,0.42029,12.9945,2648,7.3034,0.07272,1.73389,1.37208,4.12545,3.2646,1.64668,1.14564,3.91796,2.72583,1.58831,0.99389,3.77908,2.36477,1.5465,0.88507,3.67961,2.10586,1.51508,0.80321,3.60484,1.91109,0.35611
MOA-2013-BLG-063S,266.30554,-33.49729,-3.94,-2.3,6111.0,170.0,4.3,0.47,2.6,1.27,0.63,0.57,0.68,4.0,3.41,4.3,3.45,0.53,6415.0,6353.0,48.0,-3.9385,-2.30382,0.004,3.37,-0.1,0.08,decaps,vvv,law,True,2.118,1.748,0.076,0.3399,14.717,0.239,0.0,64.8,good,1.21167,1.648,1.99683,14.91817,9.63016,8.77809,0.94279,0.10631,0.12881,0.45402,2455,1.05664,1.05469,0.68213,1.02832,1.05371,False,True,vvv,VISTA,0.52649,13.3533,2550,8.33531,0.07798,2.17201,1.71878,4.12545,3.2646,2.06277,1.43512,3.91796,2.72583,1.98965,1.24503,3.77908,2.36477,1.93728,1.10871,3.67961,2.10586,1.89792,1.00617,3.60484,1.91109,0.59415
MOA-2013-BLG-068S,268.59108,-31.19443,-0.97,-2.78,5312.0,48.0,3.7,-0.27,3.8,1.2,0.83,0.81,0.84,3.16,2.94,3.66,2.9,0.9,5147.0,6361.97,41.0,-0.96883,-2.78214,0.002,2.33,0.07,0.57,decaps,vvv,law,True,1.886,1.565,0.137,0.3346,14.63,0.196,0.0,92.2,good,1.20511,1.635,1.97036,15.11564,10.54699,8.43335,1.04473,0.14661,0.17668,0.36546,3202,0.94971,0.94775,0.55273,0.92041,0.94727,False,True,vvv,VISTA,0.49189,13.2554,2793,8.05418,0.08243,2.02927,1.60583,4.12545,3.2646,1.92721,1.34081,3.91796,2.72583,1.8589,1.16321,3.77908,2.36477,1.80996,1.03585,3.67961,2.10586,1.77319,0.94005,3.60484,1.91109,0.52365
MOA-2013-BLG-299S,271.93013,-27.81392,3.41,-3.64,5503.0,87.0,4.4,-0.48,13.1,0.78,0.79,0.76,0.81,5.71,5.42,5.89,5.37,0.72,5678.0,6421.09,290.0,3.41173,-3.64173,0.002,4.92,-0.07,0.45,decaps,vvv,law,True,0.935,0.785,0.092,0.3249,14.457,0.238,0.0,55.2,good,1.19108,0.715,0.85162,14.99038,9.95578,7.78753,0.91083,0.10765,0.12822,0.24425,3081,0.52539,0.52539,0.28247,0.50293,0.52539,True,True,vvv,VISTA,0.24244,13.1212,1654,8.18312,0.07665,1.00018,0.79147,4.12545,3.2646,0.94987,0.66085,3.91796,2.72583,0.9162,0.57332,3.77908,2.36477,0.89209,0.51055,3.67961,2.10586,0.87396,0.46333,3.60484,1.91109,0.25505
MOA-2013-BLG-402S,270.75058,-29.90678,1.08,-3.76,4957.0,99.0,3.6,0.2,5.3,1.06,0.97,0.92,0.99,3.62,2.93,3.96,2.78,0.97,5003.0,6463.23,11.0,1.0758,-3.75651,0.005,2.65,0.0,0.13,decaps,vvv,law,True,0.832,0.671,0.029,0.3607,14.544,0.239,0.0,96.4,good,1.23994,0.671,0.832,14.674,8.60597,8.10588,1.0,0.06757,0.08379,0.52053,3983,0.4104,0.4104,0.28784,0.36304,0.4104,False,True,vvv,VISTA,0.22734,13.07525,1916,8.04954,0.06813,0.93788,0.74218,4.12545,3.2646,0.89071,0.61969,3.91796,2.72583,0.85914,0.53761,3.77908,2.36477,0.83652,0.47875,3.67961,2.10586,0.81953,0.43447,3.60484,1.91109,0.24203
OGLE-2013-BLG-0446S,271.73408,-31.65756,-0.05,-5.34,5650.0,63.0,4.1,0.4,5.5,1.16,0.75,0.73,0.77,3.9,3.64,4.18,3.64,0.76,5538.0,6446.05,3300.0,-0.04915,-5.34445,0.005,3.15,0.01,0.49,decaps,vvv,law,True,0.804,0.683,0.036,0.3149,14.578,0.326,0.0,46.5,good,1.17716,0.693,0.81577,15.05623,10.26232,8.23379,1.01464,0.06478,0.07625,0.27734,2446,0.40747,0.40747,0.28516,0.33521,0.40747,True,True,vvv,VISTA,0.21559,13.3312,923,9.08972,0.06464,0.88941,0.70382,4.12545,3.2646,0.84468,0.58766,3.91796,2.72583,0.81474,0.50982,3.77908,2.36477,0.79329,0.454,3.67961,2.10586,0.77717,0.41201,3.60484,1.91109,0.21508
MOA-2013-BLG-517S,273.40175,-27.72301,4.12,-4.74,6050.0,198.0,4.3,-1.08,10.2,0.8,0.63,0.58,0.67,4.78,3.91,5.23,4.22,0.53,6538.0,6508.21,21.0,4.11607,-4.74191,0.004,4.15,-0.1,0.07,decaps,vvv,law,True,0.543,0.444,0.042,0.3466,14.424,0.27,0.0,101.4,good,1.22297,0.344,0.4207,14.6163,8.3803,7.67008,0.77477,0.0793,0.09699,0.66511,2825,0.26538,0.26538,0.17566,0.21362,0.26538,False,True,vvv,VISTA,0.16194,12.89585,1148,7.56374,0.06138,0.66808,0.52867,4.12545,3.2646,0.63448,0.44142,3.91796,2.72583,0.61199,0.38295,3.77908,2.36477,0.59588,0.34102,3.67961,2.10586,0.58377,0.30948,3.60484,1.91109,0.15389
MOA-2013-BLG-524S,270.62354,-33.10894,-1.78,-5.23,5932.0,289.0,4.4,-1.01,10.2,0.79,0.64,0.59,0.73,5.18,4.04,5.66,3.88,0.57,6323.0,6501.59,30.0,-1.7804,-5.22557,0.004,4.54,-0.07,-0.66,decaps,vvv,law,True,1.321,1.137,0.132,0.3037,14.632,0.315,0.0,171.5,good,1.16183,1.067,1.23967,14.05333,6.46645,8.44112,0.93843,0.15756,0.18305,0.81614,2069,0.52051,0.54541,0.396,0.42114,0.54541,False,True,vvv,VISTA,0.27499,13.3623,995,9.05184,0.08881,1.13446,0.89774,4.12545,3.2646,1.0774,0.74958,3.91796,2.72583,1.03921,0.65029,3.77908,2.36477,1.01186,0.57909,3.67961,2.10586,0.9913,0.52553,3.60484,1.91109,0.34531
MOA-2013-BLG-605S,269.67867,-29.39822,1.06,-2.7,4854.0,66.0,3.3,-0.17,8.3,0.99,0.98,0.96,1.0,2.88,2.4,3.19,2.3,1.02,4885.0,6573.06,13.0,1.05846,-2.69534,0.005,1.9,0.04,0.4,decaps,vvv,law,True,1.239,1.001,0.077,0.3587,14.533,0.202,0.0,15.8,good,1.23776,1.041,1.28851,14.88349,9.47759,8.06492,1.03996,0.09396,0.1163,0.40058,4932,0.64893,0.64795,0.40698,0.63574,0.64795,False,True,vvv,VISTA,0.34349,13.1454,2837,8.01848,0.07561,1.41705,1.12136,4.12545,3.2646,1.34578,0.9363,3.91796,2.72583,1.29808,0.81227,3.77908,2.36477,1.26391,0.72334,3.67961,2.10586,1.23823,0.65644,3.60484,1.91109,0.35906
OGLE-2013-BLG-0692S,274.02775,-27.185,4.86,-4.98,5015.0,88.0,3.6,0.15,4.1,1.12,0.93,0.91,0.97,3.41,2.9,3.83,3.18,0.94,5066.0,6428.57,21.0,4.85511,-4.97808,0.005,2.48,0.01,0.7,decaps,vvv,law,True,0.647,0.512,0.026,0.3783,14.371,0.263,0.0,138.9,good,1.26367,0.522,0.65964,15.05836,10.27242,7.48514,1.01953,0.06384,0.08068,0.4708,1844,0.3479,0.3479,0.24438,0.30469,0.3479,False,True,vvv,VISTA,0.20549,12.96,977,7.68558,0.06227,0.84774,0.67085,4.12545,3.2646,0.80511,0.56013,3.91796,2.72583,0.77657,0.48594,3.77908,2.36477,0.75612,0.43273,3.67961,2.10586,0.74076,0.39271,3.60484,1.91109,0.19369
OGLE-2013-BLG-0835S,268.24746,-29.09919,0.69,-1.47,4806.0,200.0,3.3,0.53,5.8,1.13,1.04,0.99,1.12,2.94,2.05,3.66,1.78,1.04,4880.0,6449.97,18.0,0.68908,-1.46551,0.005,1.9,0.0,-0.12,decaps,vvv,law,True,2.416,1.971,0.145,0.3499,14.431,0.106,0.0,54.2,good,1.22577,1.971,2.416,14.311,7.28115,7.69485,1.0,0.16658,0.20419,0.81125,3700,1.18945,1.19043,0.40698,0.64941,1.19141,False,True,vvv,VISTA,0.66339,13.15755,3148,7.29888,0.08503,2.73678,2.16571,4.12545,3.2646,2.59914,1.80829,3.91796,2.72583,2.50701,1.56876,3.77908,2.36477,2.44102,1.39701,3.67961,2.10586,2.39142,1.2678,3.60484,1.91109,0.68965
OGLE-2013-BLG-0911S,268.88325,-29.25383,0.84,-2.02,5785.0,77.0,4.1,0.47,4.0,1.24,0.71,0.69,0.74,3.69,3.27,3.95,3.23,0.49,6616.0,6537.32,207.0,0.83633,-2.02265,0.005,2.98,-0.22,0.25,decaps,vvv,law,True,1.771,1.43,0.165,0.3595,14.498,0.161,0.0,71.5,good,1.23846,1.21,1.49854,15.02046,10.09467,7.93597,0.84615,0.17421,0.21576,0.34698,4915,0.79834,0.79736,0.47705,0.56836,0.79736,False,True,vvv,VISTA,0.51324,13.06505,3280,7.32932,0.08532,2.11735,1.67553,4.12545,3.2646,2.01086,1.39901,3.91796,2.72583,1.93958,1.21369,3.77908,2.36477,1.88852,1.08081,3.67961,2.10586,1.85015,0.98085,3.60484,1.91109,0.51408
OGLE-2013-BLG-1015S,268.20075,-35.01428,-4.44,-4.43,5571.0,60.0,4.0,0.36,6.4,1.16,0.77,0.75,0.79,3.7,3.44,4.04,3.13,0.73,5633.0,6533.37,48.0,-4.43918,-4.42628,0.004,2.93,-0.04,0.2,decaps,vvv,law,True,0.671,0.544,0.022,0.3552,14.696,0.268,0.0,152.9,good,1.23346,0.504,0.62166,14.94534,9.75142,8.69361,0.92647,0.05817,0.07175,0.30727,3472,0.30859,0.30859,0.23108,0.26978,0.30859,False,True,vvv,VISTA,0.18829,13.2487,1372,8.82557,0.06731,0.77678,0.61469,4.12545,3.2646,0.73772,0.51325,3.91796,2.72583,0.71157,0.44526,3.77908,2.36477,0.69284,0.39651,3.67961,2.10586,0.67876,0.35984,3.60484,1.91109,0.19323
OGLE-2013-BLG-1114S,268.60167,-28.94225,0.98,-1.65,6410.0,259.0,4.4,0.42,1.6,1.33,0.56,0.5,0.64,3.68,2.9,4.12,4.59,0.7,5731.0,6474.95,135.0,0.9814,-1.65306,0.003,3.12,0.14,1.47,decaps,vvv,law,True,1.942,1.662,0.14,0.308,14.44,0.131,0.0,32.6,good,1.16847,1.802,2.10559,15.74641,14.10207,7.72681,1.08424,0.16432,0.192,0.61823,5459,1.01953,0.98438,0.39355,0.51904,0.98535,False,True,vvv,VISTA,0.48939,13.07765,3608,7.42693,0.08191,2.01896,1.59767,4.12545,3.2646,1.91742,1.334,3.91796,2.72583,1.84945,1.15729,3.77908,2.36477,1.80076,1.03059,3.67961,2.10586,1.76418,0.93527,3.60484,1.91109,0.5119
OGLE-2013-BLG-1125S,268.36254,-29.79281,0.14,-1.9,4739.0,86.0,3.0,-0.12,10.3,0.95,1.01,0.99,1.04,2.2,1.64,2.58,1.57,0.96,5012.0,6563.56,10.0,0.14192,-1.9037,0.004,1.19,-0.05,0.38,decaps,vvv,law,True,1.561,1.273,0.099,0.3503,14.482,0.136,0.0,34.1,good,1.22624,1.223,1.49969,14.92331,9.653,7.87771,0.96072,0.11369,0.13941,0.47497,5690,0.84424,0.84131,0.37744,0.82129,0.84131,False,True,vvv,VISTA,0.42369,13.1646,3805,7.89015,0.0728,1.74791,1.38318,4.12545,3.2646,1.66,1.15491,3.91796,2.72583,1.60116,1.00193,3.77908,2.36477,1.55901,0.89223,3.67961,2.10586,1.52734,0.80971,3.60484,1.91109,0.44593
OGLE-2013-BLG-1147S,272.16329,-26.67911,4.51,-3.28,5725.0,96.0,3.8,0.29,4.1,1.38,0.73,0.69,0.75,3.06,2.48,3.55,3.73,0.86,5260.0,6506.75,37.0,4.50763,-3.27549,0.005,2.33,0.13,1.4,decaps,vvv,law,True,1.588,1.355,0.154,0.3107,14.446,0.28,0.0,124.4,good,1.17196,1.485,1.74035,15.69365,13.76351,7.74819,1.09594,0.16467,0.19299,0.53935,2943,0.9458,0.93896,0.48853,0.80908,0.94043,False,True,vvv,VISTA,0.36144,13.0706,1532,7.70379,0.07769,1.49111,1.17996,4.12545,3.2646,1.41611,0.98523,3.91796,2.72583,1.36591,0.85472,3.77908,2.36477,1.32996,0.76114,3.67961,2.10586,1.30294,0.69075,3.60484,1.91109,0.421
OGLE-2013-BLG-1259S,272.59725,-27.97933,3.55,-4.24,5299.0,64.0,3.9,-0.21,9.5,0.97,0.83,0.81,0.84,4.03,3.51,4.17,3.17,0.77,5510.0,6511.42,74.0,3.55043,-4.23825,0.002,3.2,-0.06,-0.03,decaps,vvv,law,True,0.773,0.665,0.07,0.3035,14.427,0.255,0.0,134.7,good,1.16241,0.605,0.70326,14.46674,7.82256,7.68069,0.90977,0.08732,0.1015,0.33553,2961,0.42554,0.42554,0.26318,0.37207,0.42554,False,True,vvv,VISTA,0.21789,12.9763,1387,7.71364,0.06672,0.8989,0.71133,4.12545,3.2646,0.85369,0.59393,3.91796,2.72583,0.82343,0.51526,3.77908,2.36477,0.80175,0.45885,3.67961,2.10586,0.78546,0.41641,3.60484,1.91109,0.20183
OGLE-2013-BLG-1768S,268.11075,-31.61217,-1.54,-2.64,4842.0,200.0,3.5,0.11,11.0,1.04,0.98,0.94,1.05,3.11,2.4,3.85,1.87,1.41,4354.0,6553.64,24.0,-1.53721,-2.63986,0.003,2.13,0.43,-0.26,decaps,vvv,law,True,2.603,2.134,0.14,0.3453,14.703,0.198,0.0,55.9,good,1.21978,2.564,3.1275,13.9185,6.07714,8.72168,1.2015,0.15851,0.19334,0.73065,1493,1.41309,1.42578,1.08398,1.40039,1.42285,False,True,vvv,VISTA,0.68199,13.3758,2701,8.02399,0.09266,2.81352,2.22643,4.12545,3.2646,2.67202,1.85899,3.91796,2.72583,2.5773,1.61275,3.77908,2.36477,2.50946,1.43618,3.67961,2.10586,2.45847,1.30335,3.60484,1.91109,0.73687
OGLE-2013-BLG-1793S,268.51954,-29.63447,0.35,-1.94,5503.0,66.0,3.9,0.32,5.4,1.21,0.79,0.77,0.81,3.58,3.17,3.83,3.55,0.84,5312.0,6548.67,21.0,0.34761,-1.94116,0.003,2.79,0.05,0.76,decaps,vvv,law,True,1.636,1.378,0.129,0.3215,14.505,0.144,0.0,38.5,good,1.18723,1.428,1.69536,15.20564,10.99329,7.96159,1.03628,0.13979,0.16596,0.33614,5703,0.85107,0.84229,0.35498,0.75635,0.84229,False,True,vvv,VISTA,0.43999,13.08205,3564,7.55737,0.09029,1.81516,1.43639,4.12545,3.2646,1.72387,1.19934,3.91796,2.72583,1.66276,1.04047,3.77908,2.36477,1.61899,0.92656,3.67961,2.10586,1.5861,0.84086,3.60484,1.91109,0.44303
OGLE-2013-BLG-1868S,271.39817,-30.88514,0.49,-4.72,5732.0,78.0,4.1,0.38,5.3,1.17,0.73,0.7,0.75,3.78,3.45,4.1,3.07,0.73,5632.0,6578.89,37.0,0.49128,-4.72055,0.001,3.05,0.0,0.02,decaps,vvv,law,True,1.149,0.921,0.06,0.3653,14.527,0.292,0.0,151.4,good,1.24756,0.921,1.149,14.547,8.11708,8.04267,1.0,0.08201,0.10231,0.3324,2389,0.61084,0.61084,0.48828,0.57471,0.61084,False,True,vvv,VISTA,0.28389,13.25695,1190,8.5993,0.07583,1.17118,0.92679,4.12545,3.2646,1.11227,0.77384,3.91796,2.72583,1.07285,0.67133,3.77908,2.36477,1.04461,0.59783,3.67961,2.10586,1.02338,0.54254,3.60484,1.91109,0.33644
OGLE-2013-BLG-1938S,266.50787,-34.20875,-4.46,-2.82,4921.0,60.0,3.3,-0.41,14.6,0.94,0.95,0.94,0.97,2.81,2.38,3.09,1.58,0.95,5024.0,6581.02,77.0,-4.45958,-2.81707,0.003,1.86,0.0,-0.28,decaps,vvv,law,True,1.402,1.14,0.056,0.3526,14.747,0.262,0.0,94.4,good,1.22982,1.14,1.402,14.467,7.82348,8.9002,1.0,0.07656,0.09415,0.36076,3583,0.72168,0.72266,0.52197,0.68652,0.72217,False,True,vvv,VISTA,0.41139,13.26815,2136,8.30728,0.06657,1.69717,1.34303,4.12545,3.2646,1.61181,1.12138,3.91796,2.72583,1.55468,0.97284,3.77908,2.36477,1.51376,0.86633,3.67961,2.10586,1.483,0.7862,3.60484,1.91109,0.40196
MOA-2014-BLG-131S,269.76042,-31.03186,-0.33,-3.57,5156.0,128.0,4.4,0.29,13.1,0.87,0.87,0.85,0.92,5.91,5.54,6.21,4.91,0.95,5049.0,6750.88,500.0,-0.32653,-3.56789,0.004,5.04,0.08,-0.13,decaps,vvv,law,True,1.844,1.531,0.069,0.3345,14.596,0.229,0.0,74.5,good,1.20444,1.611,1.94036,14.36964,7.48047,8.30233,1.05225,0.09212,0.11095,0.34297,2528,1.00098,1.00195,0.48193,0.95654,1.00195,False,True,vvv,VISTA,0.46359,13.2529,2065,8.11613,0.06746,1.91252,1.51344,4.12545,3.2646,1.81633,1.26367,3.91796,2.72583,1.75195,1.09628,3.77908,2.36477,1.70583,0.97626,3.67961,2.10586,1.67117,0.88596,3.60484,1.91109,0.51212
OGLE-2014-BLG-0157S,269.57021,-33.77189,-2.79,-4.78,4951.0,71.0,3.4,-0.52,14.0,0.92,0.94,0.92,0.95,2.91,2.55,3.27,1.81,0.98,4952.0,6730.83,95.0,-2.79322,-4.78505,0.006,1.97,0.04,-0.16,decaps,vvv,law,True,0.881,0.716,0.024,0.3533,14.691,0.275,0.0,170.3,good,1.23045,0.756,0.93022,14.48178,7.87692,8.67361,1.05587,0.05745,0.07069,0.36569,3039,0.49927,0.49927,0.3728,0.44043,0.49927,False,True,vvv,VISTA,0.24349,13.2609,1348,8.72403,0.07087,1.00451,0.7949,4.12545,3.2646,0.95399,0.66371,3.91796,2.72583,0.92017,0.5758,3.77908,2.36477,0.89595,0.51276,3.67961,2.10586,0.87775,0.46533,3.60484,1.91109,0.25296
OGLE-2014-BLG-0801S,268.51008,-32.59211,-2.21,-3.43,4720.0,150.0,2.9,0.55,1.2,0.98,1.05,1.02,1.14,2.32,1.2,2.8,2.19,1.04,4880.0,6806.55,102.0,-2.21243,-3.42731,0.004,1.27,-0.01,0.92,decaps,vvv,law,True,1.292,1.057,0.068,0.3471,14.69,0.237,0.0,67.0,good,1.22233,1.047,1.27978,15.62222,13.31817,8.66962,0.99054,0.10356,0.12658,0.80568,3716,0.66748,0.66699,0.47095,0.63574,0.66699,False,True,vvv,VISTA,0.37659,13.243,2335,8.3011,0.06301,1.55361,1.22942,4.12545,3.2646,1.47547,1.02652,3.91796,2.72583,1.42317,0.89055,3.77908,2.36477,1.38571,0.79305,3.67961,2.10586,1.35755,0.7197,3.60484,1.91109,0.36688
OGLE-2014-BLG-0953S,272.22075,-27.26781,4.02,-3.6,5447.0,109.0,3.9,-0.13,6.2,0.94,0.8,0.76,0.82,3.78,3.25,4.25,3.71,0.72,5674.0,6814.44,27.0,4.01562,-3.60409,0.006,2.98,-0.08,0.73,decaps,vvv,law,True,1.309,1.076,0.104,0.3428,14.428,0.26,0.0,148.4,good,1.21654,0.996,1.21168,15.25532,11.24772,7.68422,0.92565,0.11923,0.14505,0.50501,2760,0.73877,0.7373,0.53613,0.69678,0.73779,False,True,vvv,VISTA,0.32289,13.063,1619,7.76959,0.07502,1.33207,1.05411,4.12545,3.2646,1.26507,0.88015,3.91796,2.72583,1.22023,0.76356,3.77908,2.36477,1.18811,0.67996,3.67961,2.10586,1.16397,0.61707,3.60484,1.91109,0.36885
OGLE-2014-BLG-0987S,274.22337,-25.52528,6.41,-4.35,5324.0,126.0,4.0,0.23,10.1,0.99,0.83,0.8,0.86,4.14,3.61,4.41,4.07,0.76,5540.0,6829.1,35.0,6.40753,-4.35249,0.004,3.31,-0.07,0.76,ps1,vvv,law,True,0.864,0.735,0.087,0.3128,14.368,0.307,0.0,87.6,good,1.17551,0.665,0.78171,15.21029,11.01684,7.47481,0.90476,0.10473,0.12311,0.40583,2161,,,,,,False,True,vvv,2MASS,0.28148,12.967,739,7.48339,0.08451,1.11612,0.88322,3.9652,3.13779,1.06064,0.73792,3.76812,2.62158,1.02349,0.64045,3.63612,2.27531,0.99686,0.57051,3.54153,2.02684,0.97685,0.51787,3.47042,1.83983,0.22991
OGLE-2014-BLG-1122S,271.48154,-29.68231,1.69,-4.39,5552.0,63.0,4.2,-0.32,14.6,0.84,0.77,0.75,0.78,5.24,4.51,5.42,3.98,0.64,5978.0,6838.3,23.0,1.58194,-4.20128,0.217,4.47,-0.13,-0.49,decaps,vvv,law,True,0.81,0.672,0.068,0.3343,14.512,0.267,0.0,88.7,good,1.20536,0.542,0.6533,14.1787,6.85077,7.9873,0.80655,0.08573,0.10333,0.45933,3177,0.40674,0.40698,0.28027,0.38208,0.40698,False,True,vvv,VISTA,0.21449,12.9933,1567,7.7825,0.0685,0.88487,0.70023,4.12545,3.2646,0.84037,0.58467,3.91796,2.72583,0.81058,0.50722,3.77908,2.36477,0.78924,0.45169,3.67961,2.10586,0.77321,0.40991,3.60484,1.91109,0.22465
OGLE-2014-BLG-1370S,268.92638,-31.89286,-1.43,-3.38,5272.0,111.0,4.1,0.43,11.6,0.95,0.84,0.82,0.88,4.22,3.88,4.86,4.49,0.78,5478.0,6866.73,670.0,-1.42957,-3.38029,0.001,3.38,-0.06,1.11,decaps,vvv,law,True,1.308,1.106,0.067,0.3183,14.672,0.229,0.0,104.1,good,1.18264,1.046,1.23704,15.85296,14.81125,8.59805,0.94575,0.08882,0.10504,0.49483,3782,0.71289,0.71289,0.39014,0.69043,0.71289,False,True,vvv,VISTA,0.36339,13.2438,2275,8.33836,0.07324,1.49915,1.18633,4.12545,3.2646,1.42375,0.99054,3.91796,2.72583,1.37328,0.85933,3.77908,2.36477,1.33713,0.76525,3.67961,2.10586,1.30997,0.69447,3.60484,1.91109,0.35204
OGLE-2014-BLG-1418S,273.69842,-26.41081,5.4,-4.35,5481.0,85.0,4.1,0.44,8.3,1.06,0.81,0.78,0.83,4.25,3.8,4.58,3.55,0.79,5450.0,6901.49,88.0,5.40119,-4.35393,0.004,3.44,-0.02,0.11,decaps,vvv,law,True,0.909,0.723,0.067,0.3726,14.427,0.29,0.0,44.5,good,1.25726,0.703,0.88385,14.56215,8.17389,7.68069,0.97234,0.08726,0.10971,0.39628,2738,,,,,,False,True,vvv,2MASS,0.27748,12.937,840,7.38948,0.07413,1.10025,0.87067,3.9652,3.13779,1.04557,0.72743,3.76812,2.62158,1.00894,0.63135,3.63612,2.27531,0.9827,0.5624,3.54153,2.02684,0.96297,0.51051,3.47042,1.83983,0.26939
OGLE-2014-BLG-1469S,269.03142,-30.95361,-0.57,-2.99,5517.0,80.0,3.8,-0.7,7.9,0.93,0.77,0.75,0.79,3.69,3.05,3.9,2.88,0.72,5679.0,6864.55,15.0,-0.57055,-2.98711,0.003,2.92,-0.05,-0.04,decaps,vvv,law,True,1.29,1.054,0.082,0.3482,14.603,0.209,0.0,46.0,good,1.22391,1.004,1.2288,14.6242,8.41083,8.32914,0.95256,0.0981,0.12007,0.43008,4633,0.646,0.646,0.35938,0.6333,0.64551,False,True,vvv,VISTA,0.36119,13.152,2651,7.99868,0.06657,1.49007,1.17914,4.12545,3.2646,1.41513,0.98454,3.91796,2.72583,1.36497,0.85413,3.77908,2.36477,1.32904,0.76062,3.67961,2.10586,1.30204,0.69027,3.60484,1.91109,0.367
OGLE-2014-BLG-2040S,268.99783,-31.27661,-0.86,-3.12,5731.0,151.0,4.1,0.19,6.4,1.06,0.73,0.68,0.77,4.34,3.4,4.74,3.63,,,6959.14,36.0,-0.86489,-3.1241,0.006,3.61,,0.02,decaps,vvv,law,True,1.524,1.234,0.137,0.3566,14.627,0.207,0.0,53.8,good,1.23501,,,,,8.4217,,0.15262,0.18849,0.67513,3696,,0.78369,0.43628,0.75293,0.7832,False,True,vvv,VISTA,0.42309,13.243,2541,8.18175,0.06953,1.74544,1.38122,4.12545,3.2646,1.65765,1.15327,3.91796,2.72583,1.5989,1.00051,3.77908,2.36477,1.55681,0.89097,3.67961,2.10586,1.52518,0.80856,3.60484,1.91109,0.44004
OGLE-2015-BLG-0078S,268.87788,-27.96014,1.95,-1.37,5068.0,106.0,3.1,-0.55,4.3,1.04,0.93,0.89,0.95,2.38,1.5,2.82,2.42,1.34,4366.0,7089.88,55.0,1.95222,-1.36724,0.004,1.45,0.41,0.97,decaps,vvv,law,True,,,,,,,,,none,,,,,,,,0.05831,,,1922,,,0.79541,1.41699,1.6377,False,True,vvv,VISTA,0.83099,13.2899,2587,7.36306,0.10438,3.42821,2.71285,4.12545,3.2646,3.25579,2.26514,3.91796,2.72583,3.14038,1.9651,3.77908,2.36477,3.05772,1.74995,3.67961,2.10586,2.99559,1.5881,3.60484,1.91109,
MOA-2015-BLG-111S,272.73704,-25.02719,6.21,-2.93,5379.0,100.0,3.9,0.07,6.6,1.05,0.81,0.79,0.84,3.74,3.37,4.19,3.67,0.82,5364.0,7112.41,300.0,6.20667,-2.93324,0.005,2.93,0.01,0.74,ps1,vvv,law,True,1.952,1.568,0.145,0.3641,14.449,0.315,0.0,151.5,good,1.2449,1.578,1.96445,15.17655,10.84701,7.7589,1.00638,0.1554,0.19346,0.41586,1420,,,,,,False,True,vvv,2MASS,0.56948,13.0445,872,7.12018,0.09489,2.25809,1.7869,3.9652,3.13779,2.14586,1.49293,3.76812,2.62158,2.07069,1.29574,3.63612,2.27531,2.01682,1.15424,3.54153,2.02684,1.97633,1.04774,3.47042,1.83983,0.57091
OGLE-2015-BLG-0159S,265.91054,-35.08669,-5.47,-2.85,5479.0,83.0,3.8,0.36,3.7,1.26,0.8,0.77,0.82,3.5,2.77,3.8,,,,7093.99,19.0,-5.46621,-2.85474,0.006,2.7,,,decaps,vvv,law,True,,,,,,,,,none,,,,,,,,0.0559,,,2596,,,0.55908,0.68799,0.77197,False,True,vvv,VISTA,0.41959,13.442,1865,8.97676,0.07398,1.731,1.3698,4.12545,3.2646,1.64394,1.14373,3.91796,2.72583,1.58567,0.99223,3.77908,2.36477,1.54393,0.8836,3.67961,2.10586,1.51256,0.80188,3.60484,1.91109,
MOA-2010-BLG-037S,271.32471,-27.937,3.04,-3.23,5732.0,109.0,3.9,0.55,4.2,1.29,0.72,0.69,0.76,3.38,2.77,3.95,3.54,0.78,5478.0,5289.46,19.0,3.04387,-3.23341,0.005,2.66,0.06,0.88,decaps,vvv,law,True,0.978,0.829,0.048,0.3161,14.481,0.233,0.0,82.7,good,1.17973,0.889,1.04878,15.29022,11.42992,7.87408,1.07238,0.07765,0.0916,0.59438,3727,0.46289,0.4624,0.25342,0.43652,0.4624,False,True,vvv,VISTA,0.25389,12.9808,2085,7.64347,0.06627,1.04741,0.82885,4.12545,3.2646,0.99473,0.69206,3.91796,2.72583,0.95947,0.60039,3.77908,2.36477,0.93422,0.53466,3.67961,2.10586,0.91524,0.48521,3.60484,1.91109,0.26205
MOA-2010-BLG-049S,271.27925,-26.77022,4.04,-2.63,5694.0,61.0,4.1,-0.4,12.3,0.88,0.73,0.71,0.74,4.17,3.73,4.46,2.67,0.67,5861.0,5263.76,110.0,4.0442,-2.62928,0.004,3.44,-0.06,-0.77,decaps,vvv,law,True,1.5,1.306,0.167,0.2931,14.477,0.233,0.0,79.3,good,1.14855,1.246,1.43109,13.77591,5.69092,7.85959,0.95406,0.17497,0.20096,0.36989,2790,0.84814,0.88965,0.42578,0.72607,0.89014,False,True,vvv,VISTA,0.40619,13.03995,1948,7.49069,0.08362,1.67572,1.32605,4.12545,3.2646,1.59144,1.10721,3.91796,2.72583,1.53503,0.96055,3.77908,2.36477,1.49462,0.85538,3.67961,2.10586,1.46425,0.77627,3.60484,1.91109,0.38279
OGLE-2009-BLG-076S,269.63304,-29.20497,1.21,-2.56,5854.0,108.0,4.3,-0.72,11.6,0.81,0.68,0.65,0.7,5.03,4.43,5.24,4.17,0.68,5828.0,4916.46,70.0,1.20643,-2.56466,0.006,4.35,0.0,-0.18,decaps,vvv,law,True,1.038,0.85,0.104,0.3458,14.516,0.201,0.0,38.1,good,1.22118,0.85,1.038,14.336,7.36546,8.00203,1.0,0.11807,0.14419,0.41071,5811,0.46289,0.46436,0.26929,0.39746,0.46436,False,True,vvv,VISTA,0.33389,12.97,2991,7.41841,0.07858,1.37745,1.09002,4.12545,3.2646,1.30817,0.91013,3.91796,2.72583,1.2618,0.78957,3.77908,2.36477,1.22859,0.70313,3.67961,2.10586,1.20362,0.6381,3.60484,1.91109,0.29393
MOA-2010-BLG-078S,268.00688,-30.40712,-0.64,-1.95,5205.0,189.0,3.6,-1.0,14.6,0.93,0.82,0.79,0.88,3.07,2.33,3.52,1.79,0.83,5317.0,5285.84,22.0,-0.54393,-1.95062,0.096,2.25,0.01,-0.46,decaps,vvv,law,True,2.274,1.912,0.161,0.3233,14.514,0.114,0.0,41.1,good,1.18933,1.922,2.28589,14.04211,6.43312,7.99466,1.00523,0.17449,0.20752,0.60035,2795,1.30371,1.30664,0.60986,1.28809,1.30664,False,True,vvv,VISTA,0.60709,13.2621,3561,7.79436,0.08421,2.50452,1.98191,4.12545,3.2646,2.37856,1.65483,3.91796,2.72583,2.29425,1.43563,3.77908,2.36477,2.23385,1.27845,3.67961,2.10586,2.18847,1.1602,3.60484,1.91109,0.61815
MOA-2006-BLG-099S,268.54579,-35.22722,-4.48,-4.78,5747.0,147.0,4.5,0.44,3.5,1.04,0.73,0.69,0.79,4.9,4.47,5.11,3.79,0.75,5568.0,3940.35,380.0,-4.48153,-4.77729,0.003,4.17,0.02,-0.38,decaps,vvv,law,True,1.174,0.948,0.137,0.3585,14.72,0.275,0.0,153.2,good,1.2384,0.968,1.19877,14.31523,7.29535,8.79023,1.0211,0.15417,0.19093,0.33177,2388,0.56494,0.56494,0.49243,0.53125,0.56494,True,True,vvv,VISTA,0.27489,13.351,1166,9.00513,0.09904,1.13405,0.89741,4.12545,3.2646,1.07701,0.74931,3.91796,2.72583,1.03883,0.65005,3.77908,2.36477,1.01149,0.57888,3.67961,2.10586,0.99094,0.52534,3.60484,1.91109,0.33986
MOA-2009-BLG-133S,271.63688,-31.50317,0.05,-5.19,5529.0,73.0,4.3,-0.69,14.6,0.75,0.77,0.76,0.79,5.77,5.55,5.93,4.17,0.69,5790.0,4932.1,70.0,0.04681,-5.19761,0.008,5.0,-0.08,-0.83,decaps,vvv,law,True,0.843,0.685,0.067,0.3533,14.558,0.314,0.0,106.1,good,1.23066,0.605,0.74455,13.82645,5.82493,8.15831,0.88321,0.08494,0.10453,0.20057,2407,0.40967,0.41162,0.29956,0.35742,0.41162,True,True,vvv,VISTA,0.22159,13.2646,967,8.79871,0.06612,0.91416,0.72341,4.12545,3.2646,0.86818,0.60402,3.91796,2.72583,0.83741,0.52401,3.77908,2.36477,0.81537,0.46664,3.67961,2.10586,0.7988,0.42348,3.60484,1.91109,0.24201
OGLE-2008-BLG-209S,271.20767,-29.70922,1.44,-4.01,5248.0,77.0,3.8,-0.31,7.2,0.98,0.83,0.82,0.86,3.77,3.27,4.05,2.5,0.74,5608.0,4606.09,30.0,1.44258,-4.00634,0.004,2.94,-0.09,-0.44,decaps,vvv,law,True,0.886,0.738,0.083,0.3312,14.526,0.257,0.0,104.4,good,1.20054,0.648,0.77795,14.19405,6.89938,8.03896,0.87805,0.09894,0.11878,0.39532,2901,0.4126,0.4126,0.30078,0.38525,0.4126,False,True,vvv,VISTA,0.23059,13.13115,1764,8.2511,0.06998,0.95129,0.75279,4.12545,3.2646,0.90345,0.62855,3.91796,2.72583,0.87142,0.54529,3.77908,2.36477,0.84848,0.48559,3.67961,2.10586,0.83124,0.44068,3.60484,1.91109,0.24443
OGLE-2006-BLG-265S,271.82867,-27.79519,3.38,-3.55,5462.0,101.0,4.2,0.46,8.7,0.99,0.81,0.79,0.84,5.05,4.51,5.26,3.57,0.69,5764.0,3893.24,212.0,3.38469,-3.55411,0.006,4.24,-0.12,-0.67,decaps,vvv,law,True,0.949,0.778,0.096,0.3452,14.472,0.242,0.0,81.3,good,1.21979,0.658,0.80262,13.94838,6.16134,7.84152,0.84576,0.11109,0.13551,0.38115,3342,0.49805,0.50049,0.33374,0.46973,0.50049,False,True,vvv,VISTA,0.26079,13.0515,1757,7.87947,0.06805,1.07588,0.85138,4.12545,3.2646,1.02177,0.71087,3.91796,2.72583,0.98555,0.61671,3.77908,2.36477,0.95961,0.54919,3.67961,2.10586,0.94011,0.49839,3.60484,1.91109,0.26857
MOA-2010-BLG-285S,269.20067,-30.01096,0.32,-2.64,6057.0,134.0,4.2,-1.21,11.6,0.79,0.62,0.58,0.64,4.66,3.86,4.98,4.77,0.56,6384.0,4354.74,390.0,0.31948,-2.64126,0.001,4.04,-0.06,0.73,decaps,vvv,law,True,1.426,1.16,0.084,0.353,14.558,0.199,0.0,67.1,good,1.22931,1.1,1.35224,15.36176,11.81277,8.15831,0.94828,0.10225,0.1257,0.56457,4685,0.72656,0.72412,0.46924,0.71289,0.72412,False,True,vvv,VISTA,0.39294,13.1605,2968,7.95104,0.07954,1.62106,1.28279,4.12545,3.2646,1.53953,1.07109,3.91796,2.72583,1.48496,0.92921,3.77908,2.36477,1.44587,0.82748,3.67961,2.10586,1.41649,0.75094,3.60484,1.91109,0.40948
MOA-2008-BLG-310S,268.56054,-34.77806,-4.09,-4.56,5675.0,91.0,4.2,0.41,4.9,1.09,0.76,0.72,0.78,4.47,4.07,4.77,3.44,0.7,5731.0,4656.39,280.0,-4.08552,-4.56257,0.005,3.71,-0.06,-0.27,decaps,vvv,law,True,0.956,0.763,0.057,0.3698,14.702,0.265,0.0,106.3,good,1.25295,0.703,0.88082,14.50718,7.96958,8.71766,0.92136,0.08154,0.10217,0.35754,2701,0.48145,0.48169,0.33569,0.40161,0.48145,False,True,vvv,VISTA,0.27469,13.2881,1305,8.74857,0.07976,1.13322,0.89676,4.12545,3.2646,1.07623,0.74876,3.91796,2.72583,1.03808,0.64958,3.77908,2.36477,1.01075,0.57846,3.67961,2.10586,0.99022,0.52496,3.60484,1.91109,0.28216
MOA-2008-BLG-311S,269.22354,-31.39719,-0.87,-3.35,5947.0,81.0,4.5,0.35,0.9,1.17,0.66,0.63,0.68,4.5,4.26,4.6,3.91,0.67,5838.0,4655.4,400.0,-0.87287,-3.35135,0.003,3.84,0.01,0.07,decaps,vvv,law,True,1.467,1.252,0.138,0.3107,14.624,0.216,0.0,92.1,good,1.17173,1.262,1.47872,14.68228,8.63886,8.41008,1.00799,0.14889,0.17446,0.18218,3770,0.68115,0.68115,0.36304,0.65625,0.68066,True,True,vvv,VISTA,0.37074,13.2443,2350,8.32121,0.07161,1.52947,1.21032,4.12545,3.2646,1.45255,1.01058,3.91796,2.72583,1.40106,0.87671,3.77908,2.36477,1.36418,0.78073,3.67961,2.10586,1.33646,0.70852,3.60484,1.91109,0.389
OGLE-2007-BLG-349S,271.35179,-26.42194,4.38,-2.52,5237.0,119.0,4.2,0.42,13.1,0.9,0.88,0.84,0.9,5.53,4.96,5.83,4.14,0.79,5450.0,4348.56,400.0,4.38019,-2.51596,0.004,4.65,-0.09,-0.51,decaps,vvv,law,True,1.422,1.202,0.149,0.3189,14.486,0.251,0.0,55.0,good,1.18303,1.112,1.31553,14.08247,6.55382,7.89223,0.92512,0.16,0.18929,0.44044,3280,0.71484,0.71875,0.38867,0.66504,0.71875,False,True,vvv,VISTA,0.42789,13.04935,1804,7.47252,0.09933,1.76524,1.39689,4.12545,3.2646,1.67646,1.16636,3.91796,2.72583,1.61703,1.01186,3.77908,2.36477,1.57447,0.90108,3.67961,2.10586,1.54248,0.81774,3.60484,1.91109,0.38332
MOA-2009-BLG-456S,267.235,-34.22492,-4.16,-3.34,5662.0,89.0,4.2,0.13,8.7,0.98,0.75,0.72,0.77,4.67,4.28,4.92,2.74,0.67,5846.0,5090.94,77.0,-4.16296,-3.34057,0.003,3.92,-0.08,-1.18,decaps,vvv,law,True,1.616,1.277,0.056,0.3791,14.764,0.259,0.0,54.7,good,1.26547,1.197,1.51476,13.68524,5.45817,8.97016,0.93735,0.07913,0.10013,0.32773,2533,0.78662,0.8042,0.62695,0.73047,0.80322,False,True,vvv,VISTA,0.46529,13.349,1923,8.47889,0.07205,1.91953,1.51899,4.12545,3.2646,1.82299,1.2683,3.91796,2.72583,1.75837,1.1003,3.77908,2.36477,1.71209,0.97984,3.67961,2.10586,1.6773,0.88921,3.60484,1.91109,0.48411
MOA-2009-BLG-475S,270.61442,-27.44706,3.16,-2.45,5836.0,189.0,4.4,-0.52,8.7,0.86,0.69,0.64,0.74,5.1,4.27,5.4,4.23,0.6,6157.0,5084.92,62.0,3.16333,-2.44514,0.006,4.41,-0.09,-0.18,decaps,vvv,law,True,1.604,1.292,0.152,0.3615,14.49,0.206,0.0,119.7,good,1.24149,1.202,1.49227,14.42173,7.66208,7.90679,0.93034,0.16764,0.20813,0.57178,3128,0.82031,0.82129,0.34277,0.75439,0.82129,False,True,vvv,VISTA,0.46274,13.1202,2084,7.63702,0.08251,1.90901,1.51066,4.12545,3.2646,1.813,1.26135,3.91796,2.72583,1.74874,1.09427,3.77908,2.36477,1.7027,0.97447,3.67961,2.10586,1.66811,0.88434,3.60484,1.91109,0.46706
MOA-2009-BLG-489S,269.44446,-28.64914,1.61,-2.14,5543.0,61.0,4.1,-0.21,13.6,0.91,0.76,0.75,0.78,4.26,3.82,4.45,3.37,0.86,5251.0,5095.52,103.0,1.60624,-2.1444,0.006,3.5,0.1,-0.13,decaps,vvv,law,True,1.776,1.475,0.104,0.3343,14.498,0.194,0.0,25.1,good,1.20407,1.575,1.89641,14.24759,7.07162,7.93597,1.0678,0.11637,0.14011,0.32121,4579,0.89648,0.90039,0.57861,0.81543,0.90039,True,True,vvv,VISTA,0.47729,13.0481,3031,7.35421,0.09074,1.96904,1.55816,4.12545,3.2646,1.87001,1.30101,3.91796,2.72583,1.80372,1.12868,3.77908,2.36477,1.75624,1.00511,3.67961,2.10586,1.72056,0.91215,3.60484,1.91109,0.49309
MOA-2009-BLG-493S,268.94221,-28.80708,1.25,-1.84,5420.0,119.0,4.4,-0.74,13.1,0.73,0.82,0.78,0.83,6.03,5.75,6.31,4.74,0.68,5829.0,5094.61,150.0,1.2486,-1.84246,0.003,5.21,-0.14,-0.47,decaps,vvv,law,True,1.591,1.261,0.146,0.3761,14.476,0.191,0.0,220.5,good,1.2617,1.121,1.41436,14.18264,6.86321,7.85597,0.88898,0.15634,0.19725,0.28875,5257,0.8418,0.85205,0.54004,0.63477,0.85303,True,True,vvv,VISTA,0.49219,13.0591,3475,7.35734,0.07947,2.03051,1.60681,4.12545,3.2646,1.92839,1.34163,3.91796,2.72583,1.86003,1.16392,3.77908,2.36477,1.81107,1.03648,3.67961,2.10586,1.77427,0.94062,3.60484,1.91109,0.47426
OGLE-2007-BLG-514S,269.51287,-27.51825,2.62,-1.63,5644.0,111.0,4.1,0.29,6.4,1.02,0.75,0.71,0.78,4.26,3.52,4.74,4.34,0.71,5700.0,4386.28,1200.0,2.61663,-1.63179,0.004,3.51,-0.04,0.83,decaps,vvv,law,True,2.326,1.975,0.198,0.3147,14.475,0.195,0.0,58.5,good,1.17772,1.935,2.27889,15.35211,11.76039,7.85236,0.97975,0.20719,0.24402,0.61422,2693,1.32227,1.25781,0.6499,1.18555,1.25879,False,True,vvv,VISTA,0.62449,13.1713,3123,7.43477,0.08303,2.5763,2.03871,4.12545,3.2646,2.44673,1.70226,3.91796,2.72583,2.36,1.47677,3.77908,2.36477,2.29788,1.31509,3.67961,2.10586,2.25119,1.19346,3.60484,1.91109,0.62153
MACHO-1999-BLG-022S,271.272,-28.57825,2.46,-3.51,5632.0,110.0,4.1,-0.49,13.1,0.87,0.74,0.7,0.76,4.1,3.58,4.64,,,,1365.5,28.0,2.46016,-3.5051,0.005,3.36,,,decaps,vvv,law,True,0.951,0.824,0.054,0.2974,14.497,0.246,0.0,102.6,good,1.15413,,,,,7.93232,,0.07947,0.09172,0.53426,3759,,0.52246,0.2749,0.49951,0.52246,False,True,vvv,VISTA,0.23909,13.0508,1969,7.93035,0.06257,0.98636,0.78054,4.12545,3.2646,0.93675,0.65172,3.91796,2.72583,0.90354,0.56539,3.77908,2.36477,0.87976,0.50349,3.67961,2.10586,0.86188,0.45692,3.60484,1.91109,0.24506
