name,ra,dec,l_table,b_table,teff,e_teff,logg,feh,age,mass,vi0_spec,vi0_spec_lo,vi0_spec_hi,MV_spec,MV_spec_lo,MV_spec_hi,MI_mu,vi0_mu,teff_mu,tmax_hjd,amax,l,b,lb_table_mismatch_deg,MI_spec,dE_VI,dM_I,optical,nir,mode,bulge_window,AI_RC,EVI_RC,sEVI_RC,R_JKVI,mu_RC,smu_RC,QF,dist_ng_arcsec,nataf_set,RI_RC,EVI_src,AI_src,mu_src,D_src_kpc,D_RC_kpc,fAI_src_over_RC,e_EVI_src,e_AI_src,e_mu_src,n_xp_5arcmin,ebv_decaps_Dsrc,ebv_decaps_DRC,ebv_decaps_2kpc,ebv_decaps_4kpc,ebv_decaps_8kpc,stage_b,rv,rv_mad,n_law,bands,D_last_measured,minutes,AI_run_src,AI16_run_src,AI84_run_src,bridged_src,AI_run_RC,AI16_run_RC,AI84_run_RC,bridged_RC
MOA-2009-BLG-174S,270.53208,-31.424,-0.34,-4.34,5600.0,80.0,4.4,0.11,6.4,0.95,0.77,0.74,0.79,5.17,4.88,5.3,3.5,0.69,5774.0,4963.81,1100.0,-0.34276,-4.3353,0.005,4.4,-0.08,-0.9,decaps,vvv,law,True,1.203,0.985,0.064,0.3461,14.591,0.268,0.0,62.3,good,1.22132,0.905,1.10529,13.78871,5.72455,8.28324,0.91878,0.08498,0.10378,0.22082,2833,0.57959,0.58154,0.41016,0.50293,0.58154,True,2.99005,0.29072,124,DECam+VISTA,6.2,52.71167,1.11525,0.99422,1.42569,False,1.23623,0.97597,1.49013,True
MOA-2009-BLG-259S,269.48962,-29.19428,1.15,-2.45,4915.0,104.0,3.3,0.34,1.5,1.17,1.0,0.96,1.04,2.78,1.98,3.29,2.88,0.8,5421.0,5016.77,204.0,1.15326,-2.45079,0.003,1.78,-0.2,1.1,decaps,vvv,law,True,1.226,0.972,0.109,0.3762,14.512,0.202,0.0,16.4,good,1.26132,0.772,0.97374,15.86426,14.88856,7.9873,0.79424,0.12642,0.15945,0.65996,5291,0.59863,0.59033,0.36328,0.5625,0.59033,False,2.99201,0.34915,290,DECam+VISTA,5.2,92.865,1.5055,1.1933,1.8176,True,1.5055,1.1933,1.8176,True
MOA-2010-BLG-167S,272.86404,-29.68404,2.16,-5.26,5406.0,49.0,3.9,-0.6,12.9,0.87,0.8,0.78,0.81,4.01,3.58,4.05,2.71,0.7,5751.0,5380.88,22.0,2.15832,-5.2561,0.004,3.21,-0.1,-0.5,decaps,vvv,law,True,0.691,0.561,0.026,0.3537,14.458,0.28,0.0,185.1,good,1.23173,0.461,0.56783,14.08117,6.5499,7.79112,0.82175,0.05832,0.07183,0.24364,2742,0.32129,0.32153,0.19983,0.28223,0.32153,True,3.1,0.0,0,DECam+VISTA,6.9,0.12,0.62779,0.49915,0.84988,False,0.6917,0.4255,0.9578,True
MOA-2010-BLG-311S,272.20825,-25.95119,5.17,-2.96,5442.0,86.0,3.8,0.51,3.6,1.27,0.82,0.79,0.84,3.54,2.8,3.89,3.14,0.73,5630.0,5365.19,540.0,5.16563,-2.95955,0.004,2.72,-0.09,0.42,decaps,vvv,law,True,1.565,1.28,0.169,0.3475,14.44,0.28,0.0,106.1,good,1.22266,1.19,1.45496,14.97004,9.86297,7.72681,0.92969,0.17801,0.21764,0.54927,2365,0.80908,0.79639,0.37793,0.58496,0.79785,False,2.87872,0.41392,63,DECam+VISTA,4.1,55.48333,1.5547,1.1907,1.9186,True,1.5547,1.1907,1.9186,True
MOA-2010-BLG-446S,271.76771,-28.06605,3.12,-3.64,6308.0,111.0,4.5,-0.4,3.1,1.08,0.57,0.53,0.59,4.33,3.95,4.48,,,,5413.89,61.0,3.12107,-3.63802,0.002,3.76,,,decaps,vvv,law,True,1.278,1.094,0.086,0.3078,14.471,0.24,0.0,137.9,good,1.16819,,,,,7.83791,,0.1039,0.12138,0.27361,3088,,0.65918,0.42847,0.62012,0.65918,False,2.86025,0.30353,155,DECam+VISTA,5.6,80.04833,,,,,1.2829,0.9688,1.597,True
MOA-2010-BLG-523S,269.28696,-29.74956,0.58,-2.58,5122.0,79.0,3.6,0.06,3.3,1.29,0.9,0.87,0.92,3.47,2.7,3.83,,0.75,5573.0,5432.63,290.0,0.58353,-2.57527,0.006,2.57,-0.15,,decaps,vvv,law,True,1.523,1.185,0.099,0.3935,14.542,0.197,0.0,82.2,good,1.28523,1.035,1.33022,,,8.09841,0.87342,0.11369,0.14612,0.56955,4649,,0.67627,0.45483,0.65625,0.67627,False,2.92768,0.36254,374,DECam+VISTA,5.6,81.675,,,,,1.6232,1.2802,1.9661,True
OGLE-2011-BLG-0950S,269.31925,-32.66588,-1.93,-4.05,6130.0,121.0,4.2,0.33,2.4,1.27,0.6,0.57,0.64,3.78,3.22,4.11,3.41,0.63,5990.0,5786.4,115.0,-1.93446,-4.05412,0.006,3.18,0.03,0.23,decaps,vvv,law,True,1.334,1.031,0.047,0.3998,14.669,0.253,0.0,49.4,good,1.29389,1.061,1.37282,14.86018,9.37641,8.58618,1.0291,0.07703,0.09967,0.45195,2975,0.66113,0.66064,0.48462,0.59668,0.66064,False,3.2063,0.31629,237,DECam+VISTA,5.3,53.91667,1.3556,1.1126,1.5986,True,1.3556,1.1126,1.5986,True
OGLE-2011-BLG-0969S,272.42137,-31.18464,0.65,-5.63,6150.0,200.0,4.14,-1.57,11.6,0.79,0.59,0.55,0.64,4.7,3.2,5.05,2.94,0.58,6296.0,5790.4,37.0,0.64983,-5.63347,0.003,4.11,-0.01,-1.17,decaps,vvv,law,True,0.723,0.61,0.068,0.3208,14.569,0.321,0.0,142.2,good,1.18525,0.6,0.71115,13.41085,4.81028,8.19974,0.98361,0.09565,0.11337,0.92843,2352,0.36133,0.38818,0.22827,0.29907,0.38818,False,3.1,0.0,0,DECam+VISTA,7.4,0.12,0.66423,0.52667,0.79371,False,0.68742,0.49994,0.8846,True
MOA-2011-BLG-034S,272.55096,-27.534,3.92,-3.99,5440.0,91.0,4.1,0.11,12.4,0.96,0.79,0.77,0.82,4.32,3.83,4.56,,0.65,5922.0,5638.62,240.0,3.92276,-3.98908,0.003,3.53,-0.14,,decaps,vvv,law,True,0.899,0.703,0.107,0.3887,14.415,0.262,0.0,93.1,good,1.27881,0.563,0.71997,,,7.63836,0.80085,0.12072,0.15438,0.37193,3185,,0.35474,0.22119,0.31079,0.35474,False,3.27283,0.38261,14,DECam+VISTA,7.2,45.51,,,,,0.87045,0.64322,1.11542,True
MOA-2011-BLG-058S,272.2515,-29.23685,2.3,-4.57,5256.0,100.0,4.0,0.37,10.1,1.0,0.85,0.82,0.88,4.2,3.69,4.46,3.29,0.8,5421.0,5646.92,90.0,2.29743,-4.57403,0.005,3.35,-0.05,-0.06,decaps,vvv,law,True,0.896,0.722,0.071,0.3616,14.454,0.253,0.0,150.1,good,1.241,0.672,0.83395,14.45605,7.78413,7.77678,0.93075,0.09187,0.11402,0.39174,2972,0.50293,0.50293,0.21436,0.44922,0.50293,False,3.11922,0.57425,25,DECam+VISTA,6.4,47.40667,0.86083,0.61319,1.11181,True,0.86085,0.61392,1.11126,True
OGLE-2011-BLG-1072S,269.22475,-28.84814,1.34,-2.08,5515.0,89.0,3.9,0.36,4.8,1.19,0.79,0.76,0.81,3.62,3.09,4.0,2.66,0.79,5450.0,5775.4,365.0,1.33739,-2.07715,0.004,2.83,0.0,-0.17,decaps,vvv,law,True,1.932,1.57,0.122,0.3531,14.492,0.194,0.0,86.2,good,1.23057,1.57,1.932,14.322,7.31813,7.91407,1.0,0.1342,0.16514,0.46017,3990,0.94434,0.94824,0.70703,0.89795,0.94873,False,2.97082,0.30692,322,DECam+VISTA,4.6,74.98167,1.96896,1.61337,2.32209,True,1.9858,1.6296,2.342,True
MOA-2011-BLG-090S,272.62438,-26.64529,4.74,-3.62,5367.0,49.0,4.1,-0.26,14.3,0.91,0.8,0.79,0.81,4.26,3.98,4.29,3.77,0.67,5857.0,5692.26,38.0,4.73586,-3.6205,0.004,3.46,-0.13,0.31,decaps,vvv,law,True,1.146,0.973,0.105,0.3144,14.43,0.284,0.0,139.9,good,1.1778,0.843,0.99289,14.89311,9.51969,7.6913,0.86639,0.11673,0.13748,0.16623,2697,0.62744,0.62646,0.38013,0.55615,0.62646,True,2.76551,0.35979,141,DECam+VISTA,6.1,50.105,1.2969,0.9851,1.6087,True,1.2969,0.9851,1.6087,True
MOA-2011-BLG-104S,268.59367,-29.8338,0.21,-2.1,5900.0,173.0,4.15,-0.85,11.6,0.82,0.65,0.62,0.7,4.04,3.45,5.12,3.5,0.73,5644.0,5670.31,44.0,0.20804,-2.09743,0.003,3.39,0.08,0.11,decaps,vvv,law,True,1.308,1.052,0.095,0.3629,14.525,0.165,0.0,51.8,good,1.24335,1.132,1.40747,14.53553,8.07433,8.03526,1.07605,0.11456,0.14244,0.83879,5998,0.66504,0.66504,0.37061,0.6543,0.66504,False,2.68563,0.35272,287,DECam+VISTA,5.1,101.775,1.4888,1.1989,1.7786,True,1.4888,1.1989,1.7786,True
OGLE-2011-BLG-1105S,268.702,-31.43274,-1.13,-2.98,5666.0,113.0,4.5,0.0,4.9,0.93,0.75,0.71,0.78,5.15,4.73,5.33,4.03,0.78,5480.0,5780.77,76.0,-1.12715,-2.98405,0.005,4.4,0.03,-0.37,decaps,vvv,law,True,1.856,1.488,0.156,0.3655,14.657,0.207,0.0,63.5,good,1.24731,1.518,1.89342,14.24958,7.07809,8.53886,1.02016,0.16751,0.20894,0.30951,3174,0.90283,0.90332,0.56836,0.89062,0.90332,True,2.8911,0.27567,161,DECam+VISTA,4.6,59.90833,1.62026,1.28814,1.93742,True,1.7539,1.4235,2.0842,True
MOA-2011-BLG-174S,269.33592,-30.37988,0.06,-2.93,6172.0,111.0,4.4,-0.18,3.5,1.09,0.6,0.56,0.62,4.34,3.81,4.47,4.27,0.66,5893.0,5716.13,160.0,0.05809,-2.92692,0.004,3.74,0.06,0.53,decaps,vvv,law,True,1.86,1.55,0.114,0.3309,14.58,0.205,0.0,29.8,good,1.2,1.61,1.932,15.038,10.17654,8.24138,1.03871,0.12805,0.15366,0.33734,2935,1.03027,1.02832,0.68604,1.00293,1.02832,False,2.85212,0.28951,247,DECam+VISTA,5.4,56.525,1.8726,1.5898,2.1554,True,1.8726,1.5898,2.1554,True
MOA-2011-BLG-191S,267.91729,-29.8906,-0.14,-1.62,5382.0,92.0,3.8,0.26,3.8,1.19,0.81,0.79,0.84,3.57,2.97,3.93,2.5,0.67,5841.0,5763.32,375.0,-0.13874,-1.62081,0.002,2.76,-0.14,-0.26,decaps,vvv,law,True,2.546,2.131,0.173,0.327,14.441,0.078,0.0,28.3,good,1.19474,1.991,2.37874,14.34826,7.40718,7.73036,0.9343,0.18181,0.21721,0.48462,2977,1.3418,1.34375,0.48877,1.10156,1.34473,False,2.80608,0.51597,204,DECam+VISTA,5.7,56.38167,2.23267,1.88751,2.52366,True,2.37109,2.03637,2.68396,True
MOA-2011-BLG-234S,272.73658,-26.5635,4.86,-3.67,5778.0,88.0,4.4,-0.02,6.4,0.98,0.71,0.68,0.73,4.84,4.53,5.03,4.98,0.74,5606.0,5736.73,1270.0,4.85596,-3.66938,0.004,4.13,0.03,0.85,decaps,vvv,law,True,1.06,0.869,0.071,0.3453,14.431,0.28,0.0,50.4,good,1.21979,0.899,1.09659,15.24441,11.19132,7.69485,1.03452,0.09037,0.11023,0.25913,2731,0.57227,0.57178,0.37134,0.51953,0.57178,False,3.01627,0.38171,90,DECam+VISTA,6.1,46.99,1.0794,0.7908,1.368,True,1.07938,0.79082,1.36788,True
MOA-2011-BLG-278S,268.54717,-30.08932,-0.03,-2.19,5307.0,159.0,4.0,0.52,10.2,0.95,0.84,0.8,0.88,4.28,3.53,4.94,4.49,0.86,5263.0,5744.74,320.0,-0.03301,-2.19172,0.003,3.44,0.02,1.05,decaps,vvv,law,True,1.37,1.123,0.1,0.3457,14.534,0.168,0.0,48.3,good,1.21995,1.143,1.3944,15.5596,12.93958,8.06863,1.01781,0.11874,0.14486,0.70931,5533,0.73779,0.72559,0.36743,0.68359,0.7251,False,2.67558,0.29823,147,DECam+VISTA,5.0,96.29167,1.5444,1.2548,1.834,True,1.54421,1.25464,1.83387,True
OGLE-2011-BLG-1410S,263.20671,-29.38628,-1.87,2.12,4831.0,108.0,3.3,0.22,6.5,1.02,1.0,0.97,1.04,2.88,2.14,3.44,2.13,,,5835.1,26.0,-1.86913,2.12374,0.004,1.88,,0.25,decaps,vvv,law,True,,,,,,,,,none,,,,,,,,0.06103,,,1295,,,1.12402,1.57715,1.58008,False,3.16092,0.20922,144,DECam+VISTA,3.5,25.71,,,,,,,,
MOA-2011-BLG-445S,271.19013,-28.59557,2.41,-3.45,4870.0,102.0,3.5,0.26,8.2,0.98,1.0,0.95,1.03,3.3,2.72,3.8,3.2,0.92,5114.0,5873.09,33.0,2.40992,-3.45075,0.001,2.3,-0.08,0.9,decaps,vvv,law,True,0.894,0.761,0.064,0.3129,14.498,0.244,0.0,28.5,good,1.17477,0.681,0.80002,15.49198,12.54285,7.93597,0.89488,0.09053,0.10635,0.54521,3863,0.44653,0.44604,0.22839,0.42554,0.44604,False,3.31791,0.48494,40,DECam+VISTA,5.9,53.79333,0.891,0.6504,1.1316,True,0.891,0.6504,1.1316,True
MOA-2012-BLG-022S,269.42071,-27.49902,2.59,-1.55,5827.0,111.0,4.3,0.42,3.4,1.14,0.71,0.67,0.74,4.48,4.08,4.7,3.7,0.82,5366.0,6021.4,,2.59242,-1.55137,0.003,3.77,0.11,-0.07,decaps,vvv,law,True,2.497,2.116,0.198,0.3164,14.479,0.201,0.0,346.4,good,1.18006,2.226,2.62681,14.27919,7.17528,7.86683,1.05198,0.20719,0.2445,0.31826,1968,1.32227,1.3584,0.53467,0.83643,1.36719,True,2.91371,0.2962,262,DECam+VISTA,5.7,38.91833,2.47371,2.10756,2.81024,True,2.6312,2.2622,3.0002,True
OGLE-2012-BLG-0026S,263.57792,-27.14275,0.19,3.07,4815.0,145.0,3.4,0.5,6.5,1.03,1.02,0.97,1.07,3.13,2.29,3.74,2.68,1.04,4878.0,5991.52,135.0,0.19492,3.0665,0.006,2.11,0.02,0.57,decaps,vvv,law,True,2.271,1.835,0.11,0.3584,14.585,0.212,0.0,29.6,good,1.2376,1.855,2.29575,15.13025,10.61817,8.26038,1.0109,0.13077,0.16184,0.73026,1515,1.11719,1.11719,0.82324,1.0957,1.11719,False,2.99593,0.2229,223,DECam+VISTA,4.5,32.35167,2.4286,2.0663,2.7909,True,2.4286,2.0663,2.7909,True
MOA-2012-BLG-187S,272.009,-29.46985,1.99,-4.5,5892.0,94.0,4.2,-0.74,11.6,0.83,0.67,0.64,0.68,4.61,4.1,4.95,3.71,0.71,5715.0,6040.67,33.0,1.9906,-4.5005,0.001,3.94,0.04,-0.23,decaps,vvv,law,True,1.002,0.827,0.115,0.3398,14.485,0.259,0.0,144.8,good,1.21161,0.867,1.05046,14.20654,6.93916,7.8886,1.04837,0.12698,0.15386,0.42998,2971,0.58887,0.58887,0.31689,0.54883,0.58887,False,2.8809,0.41575,78,DECam+VISTA,7.7,50.26667,1.0301,0.888,1.1467,False,1.02162,0.81287,1.24586,True
MOA-2012-BLG-202S,273.14517,-25.04994,6.36,-3.27,4862.0,93.0,3.9,-0.15,14.7,0.97,0.95,0.91,0.97,3.93,3.52,4.14,5.09,0.9,5151.0,6039.63,200.0,6.36394,-3.26878,0.004,2.98,-0.05,2.11,ps1,vvv,law,True,2.005,1.514,0.109,0.4215,14.51,0.34,0.0,107.9,good,1.32431,1.464,1.93878,16.68622,21.73918,7.97995,0.96697,0.12362,0.16371,0.31947,1268,,,,,,False,3.48757,0.27351,261,2MASS+PS1,4.7,25.30167,2.23,1.8229,2.6371,True,2.23,1.8229,2.6371,True
OGLE-2012-BLG-0211S,272.54567,-25.02783,6.12,-2.78,5573.0,75.0,4.0,-0.03,7.8,1.02,0.76,0.74,0.78,3.89,3.45,4.23,2.99,0.7,5742.0,6013.12,2000.0,6.12267,-2.78147,0.003,3.13,-0.06,-0.14,ps1,vvv,law,True,1.94,1.548,0.14,0.3701,14.425,0.311,0.0,153.0,good,1.25323,1.488,1.86481,14.36019,7.44798,7.67361,0.96124,0.15,0.18798,0.3958,2034,,,,,,False,3.52735,0.63194,299,2MASS+PS1,4.8,35.885,1.8873,1.5605,2.2141,True,1.8873,1.5605,2.2141,True
OGLE-2012-BLG-0270S,258.67692,-29.59733,-4.26,5.27,5914.0,145.0,4.3,-0.84,11.6,0.83,0.67,0.62,0.69,4.92,4.2,5.28,3.07,0.62,6081.0,6034.67,46.0,-4.26365,5.26702,0.005,4.25,-0.05,-1.18,decaps,2mass,law,True,0.902,0.768,0.0,0.3124,14.716,0.271,0.0,192.1,good,1.17448,0.718,0.84328,13.59472,5.23534,8.77405,0.9349,0.06103,0.07168,0.54474,2183,0.45947,0.45972,0.34155,0.41748,0.45972,False,3.40355,0.33733,94,2MASS+DECam,6.4,35.48333,1.1152,0.9343,1.2755,False,0.94413,0.67644,1.21456,True
MOA-2012-BLG-291S,270.6795,-28.38357,2.38,-2.96,5156.0,107.0,4.1,0.16,14.7,0.96,0.87,0.84,0.89,4.34,3.89,4.52,4.02,0.91,5135.0,6070.06,34.0,2.37519,-2.95562,0.007,3.47,0.04,0.55,decaps,vvv,law,True,0.909,0.727,0.083,0.3676,14.487,0.222,0.0,69.6,good,1.25034,0.767,0.95901,14.98699,9.94025,7.89587,1.05502,0.10007,0.12512,0.32266,4270,0.47168,0.47119,0.26807,0.448,0.47119,False,3.04563,0.50515,71,DECam+VISTA,5.9,63.3,1.0575,0.7768,1.3382,True,1.0575,0.7768,1.3382,True
MOA-2012-BLG-391S,269.73612,-31.44189,-0.69,-3.75,5505.0,76.0,3.9,-0.24,6.7,1.01,0.78,0.75,0.79,3.65,3.27,4.1,3.92,0.81,5390.0,6101.59,48.0,-0.69371,-3.75305,0.005,2.87,0.03,1.05,decaps,vvv,law,True,1.471,1.207,0.031,0.3448,14.598,0.236,0.0,105.6,good,1.21872,1.237,1.50756,15.61144,13.25219,8.30998,1.02486,0.06214,0.07573,0.42016,3177,0.69287,0.69287,0.40674,0.65088,0.69287,False,2.89143,0.25132,191,DECam+VISTA,4.7,58.57833,1.5394,1.2659,1.8129,True,1.53778,1.26491,1.81164,True
MOA-2012-BLG-410S,272.59425,-25.17134,6.02,-2.89,5509.0,80.0,3.9,-0.14,6.1,1.06,0.77,0.75,0.79,3.64,3.27,4.07,5.32,0.94,5056.0,6103.22,240.0,6.01788,-2.88907,0.002,2.87,0.17,2.45,ps1,vvv,law,True,1.959,1.569,0.15,0.3667,14.436,0.314,0.0,98.6,good,1.24857,1.739,2.17126,16.67374,21.61468,7.71259,1.10835,0.15937,0.19899,0.40561,2022,,,,,,False,3.49069,0.61111,278,2MASS+PS1,5.4,34.92667,1.8819,1.5217,2.2421,True,1.8819,1.5217,2.2421,True
OGLE-2012-BLG-0521S,271.40308,-25.76317,4.98,-2.23,5013.0,84.0,3.7,0.09,5.6,1.04,0.91,0.9,0.96,3.76,3.23,4.08,2.98,0.85,5283.0,6058.6,165.0,4.97824,-2.23479,0.005,2.85,-0.06,0.13,decaps,vvv,law,True,2.123,1.806,0.198,0.3132,14.475,0.287,0.0,119.9,good,1.17553,1.746,2.05247,14.67553,8.61205,7.85236,0.96678,0.20641,0.24264,0.43049,2332,1.18945,1.1416,0.5293,0.8667,1.14844,False,2.91333,0.45001,214,DECam+VISTA,5.8,44.64333,2.0534,1.7339,2.3729,True,2.0534,1.7339,2.3729,True
MOA-2012-BLG-532S,269.67137,-30.03661,0.5,-3.01,5626.0,207.0,3.9,-0.55,11.6,0.92,0.75,0.68,0.8,3.97,2.95,4.9,4.15,0.67,5864.0,6151.63,151.0,0.50075,-3.00729,0.003,3.22,-0.08,0.93,decaps,vvv,law,True,1.27,1.034,0.111,0.3516,14.568,0.212,0.0,26.8,good,1.22824,0.954,1.17174,15.59626,13.15988,8.19596,0.92263,0.13572,0.1667,0.97971,4637,0.66016,0.65918,0.37915,0.63623,0.65918,False,2.83235,0.28614,292,DECam+VISTA,6.1,80.05,1.3747,1.0925,1.6569,True,1.3747,1.0925,1.6569,True
OGLE-2012-BLG-0563S,271.4905,-27.712,3.31,-3.25,5907.0,89.0,4.4,-0.66,8.7,0.86,0.66,0.64,0.69,4.94,4.69,5.17,4.36,0.58,6257.0,6069.06,440.0,3.31221,-3.25204,0.003,4.28,-0.08,0.08,decaps,vvv,law,True,1.023,0.863,0.112,0.32,14.48,0.243,0.0,227.2,good,1.1854,0.783,0.92817,14.65483,8.53034,7.87046,0.9073,0.12518,0.14838,0.24898,3976,0.48999,0.48999,0.28394,0.45288,0.48999,False,2.7957,0.39499,46,DECam+VISTA,6.4,59.20333,0.939,0.6351,1.2428,True,0.939,0.6351,1.2428,True
OGLE-2012-BLG-0617S,268.72446,-31.13864,-0.86,-2.85,4924.0,71.0,3.7,-0.14,12.6,0.96,0.95,0.92,0.97,3.75,3.24,3.99,3.42,1.03,4867.0,6068.6,500.0,-0.86301,-2.85262,0.004,2.8,0.08,0.62,decaps,vvv,law,True,1.458,1.177,0.15,0.3592,14.618,0.201,0.0,73.8,good,1.23874,1.257,1.5571,15.1389,10.66056,8.38687,1.06797,0.16008,0.1983,0.38134,4065,0.85254,0.85156,0.46265,0.83154,0.85107,False,2.98143,0.29018,272,DECam+VISTA,5.4,73.06667,1.6352,1.3003,1.97,True,1.6352,1.3003,1.97,True
OGLE-2012-BLG-0816S,269.56658,-29.95596,0.53,-2.89,5395.0,131.0,3.5,-0.1,1.6,1.59,0.81,0.77,0.85,2.82,1.84,3.55,3.2,0.72,5673.0,6175.52,31.0,0.52559,-2.88844,0.005,2.01,-0.09,1.19,decaps,vvv,law,True,1.15,0.945,0.082,0.343,14.562,0.208,0.0,74.7,good,1.21693,0.855,1.04048,15.86152,14.86979,8.17335,0.90476,0.10404,0.12661,0.85854,4933,0.62793,0.62646,0.35474,0.61426,0.62646,False,2.89798,0.34289,271,DECam+VISTA,6.1,85.28667,1.3357,1.0257,1.6458,True,1.3357,1.0257,1.6458,True
OGLE-2012-BLG-1156S,270.14979,-28.18756,2.32,-2.45,6200.0,200.0,4.25,-1.89,13.1,0.76,0.58,0.54,0.63,4.83,3.53,5.22,3.56,0.63,6058.0,6134.23,21.0,2.31572,-2.45315,0.005,4.25,0.05,-0.69,decaps,vvv,law,True,1.367,1.116,0.069,0.3486,14.48,0.202,0.0,106.3,good,1.22491,1.166,1.42825,13.72875,5.56866,7.87046,1.0448,0.09636,0.11804,0.84901,4007,0.6958,0.69873,0.40796,0.68457,0.69873,False,2.88945,0.30674,255,DECam+VISTA,6.2,69.285,1.31176,0.81579,1.53898,False,1.5082,1.2494,1.7671,True
OGLE-2012-BLG-1217S,272.57021,-27.63306,3.84,-4.05,5795.0,78.0,4.3,-0.41,10.2,0.89,0.69,0.67,0.72,4.86,4.47,5.11,3.67,0.71,5712.0,6147.34,26.0,3.84378,-4.05151,0.004,4.17,0.02,-0.5,decaps,vvv,law,True,0.918,0.78,0.052,0.314,14.409,0.257,0.0,118.6,good,1.17692,0.8,0.94154,13.88546,5.98539,7.61728,1.02564,0.07635,0.08986,0.32669,3232,0.45117,0.45337,0.34961,0.39526,0.45337,False,3.21575,0.51735,32,DECam+VISTA,6.4,46.84,0.79707,0.68047,0.92922,False,0.8776,0.612,1.1433,True
OGLE-2012-BLG-1274S,266.25271,-34.54708,-4.86,-2.81,5733.0,51.0,4.1,0.07,8.2,1.06,0.71,0.7,0.73,3.87,3.66,4.13,3.39,0.68,5811.0,6165.25,960.0,-4.85856,-2.81289,0.003,3.16,-0.03,0.23,decaps,vvv,law,True,1.62,1.271,0.062,0.385,14.751,0.268,0.0,150.3,good,1.27459,1.241,1.58176,15.01924,10.08899,8.91661,0.9764,0.08105,0.1033,0.24424,3243,0.71094,0.70947,0.56201,0.65967,0.70801,True,3.15069,0.25753,257,DECam+VISTA,5.4,59.27,1.6051,1.3408,1.8693,True,1.6051,1.3408,1.8693,True
OGLE-2012-BLG-1279S,269.21833,-31.7817,-1.21,-3.54,5796.0,63.0,4.4,-0.62,11.6,0.82,0.69,0.68,0.71,5.14,4.87,5.33,4.11,0.61,6117.0,6184.2,1535.0,-1.20885,-3.53947,0.001,4.45,-0.08,-0.34,decaps,vvv,law,True,1.48,1.219,0.068,0.3415,14.652,0.233,0.0,77.1,good,1.21411,1.139,1.38287,14.40913,7.61773,8.51922,0.93437,0.08573,0.10408,0.23857,3424,0.7085,0.7085,0.42554,0.68311,0.7085,True,2.95344,0.2569,175,DECam+VISTA,4.9,62.37833,1.3808,1.12506,1.66304,True,1.4983,1.2148,1.7819,True
OGLE-2012-BLG-1526S,272.42971,-28.81256,2.75,-4.51,5200.0,61.0,3.85,-0.24,9.5,0.97,0.85,0.83,0.87,3.95,3.48,4.13,2.99,0.69,5782.0,6214.91,13.0,2.74593,-4.50756,0.005,3.1,-0.16,-0.11,decaps,vvv,law,True,0.825,0.668,0.06,0.3564,14.415,0.248,0.0,154.8,good,1.23503,0.508,0.6274,14.5026,7.95282,7.63836,0.76048,0.08062,0.09957,0.33174,2475,0.37744,0.37744,0.21814,0.2937,0.37744,False,3.1,0.0,0,DECam+VISTA,5.8,0.12,0.8122,0.5517,1.0728,True,0.80643,0.54987,1.06588,True
OGLE-2012-BLG-1534S,270.19312,-28.01675,2.48,-2.4,5920.0,52.0,4.05,-0.15,6.3,1.12,0.65,0.64,0.67,3.64,3.34,3.86,2.61,0.64,5971.0,6206.96,83.0,2.48321,-2.40186,0.004,2.99,-0.01,-0.38,decaps,vvv,law,True,1.339,1.141,0.106,0.3121,14.48,0.201,0.0,73.2,good,1.17353,1.131,1.32726,14.11174,6.64274,7.87046,0.99124,0.11816,0.13866,0.26712,3865,0.69629,0.69824,0.41675,0.65234,0.69824,True,2.8575,0.34556,209,DECam+VISTA,6.4,64.04667,1.45866,1.14068,1.73091,True,1.6243,1.3432,1.9053,True
MOA-2013-BLG-063S,266.30554,-33.49729,-3.94,-2.3,6111.0,170.0,4.3,0.47,2.6,1.27,0.63,0.57,0.68,4.0,3.41,4.3,3.45,0.53,6415.0,6353.0,48.0,-3.9385,-2.30382,0.004,3.37,-0.1,0.08,decaps,vvv,law,True,2.118,1.748,0.076,0.3399,14.717,0.239,0.0,64.8,good,1.21167,1.648,1.99683,14.91817,9.63016,8.77809,0.94279,0.10631,0.12881,0.45402,2455,1.05664,1.05469,0.68213,1.02832,1.05371,False,3.16903,0.29259,236,DECam+VISTA,5.3,47.93667,1.9767,1.6839,2.2695,True,1.9767,1.6839,2.2695,True
MOA-2013-BLG-068S,268.59108,-31.19443,-0.97,-2.78,5312.0,48.0,3.7,-0.27,3.8,1.2,0.83,0.81,0.84,3.16,2.94,3.66,2.9,0.9,5147.0,6361.97,41.0,-0.96883,-2.78214,0.002,2.33,0.07,0.57,decaps,vvv,law,True,1.886,1.565,0.137,0.3346,14.63,0.196,0.0,92.2,good,1.20511,1.635,1.97036,15.11564,10.54699,8.43335,1.04473,0.14661,0.17668,0.36546,3202,0.94971,0.94775,0.55273,0.92041,0.94727,False,2.96465,0.21128,264,DECam+VISTA,5.3,61.42333,1.8879,1.5715,2.2043,True,1.8879,1.5715,2.2043,True
MOA-2013-BLG-299S,271.93013,-27.81392,3.41,-3.64,5503.0,87.0,4.4,-0.48,13.1,0.78,0.79,0.76,0.81,5.71,5.42,5.89,5.37,0.72,5678.0,6421.09,290.0,3.41173,-3.64173,0.002,4.92,-0.07,0.45,decaps,vvv,law,True,0.935,0.785,0.092,0.3249,14.457,0.238,0.0,55.2,good,1.19108,0.715,0.85162,14.99038,9.95578,7.78753,0.91083,0.10765,0.12822,0.24425,3081,0.52539,0.52539,0.28247,0.50293,0.52539,True,3.0626,0.37889,68,DECam+VISTA,6.4,72.26167,0.9233,0.6314,1.2152,True,0.94582,0.67312,1.18555,True
MOA-2013-BLG-402S,270.75058,-29.90678,1.08,-3.76,4957.0,99.0,3.6,0.2,5.3,1.06,0.97,0.92,0.99,3.62,2.93,3.96,2.78,0.97,5003.0,6463.23,11.0,1.0758,-3.75651,0.005,2.65,0.0,0.13,decaps,vvv,law,True,0.832,0.671,0.029,0.3607,14.544,0.239,0.0,96.4,good,1.23994,0.671,0.832,14.674,8.60597,8.10588,1.0,0.06757,0.08379,0.52053,3983,0.4104,0.4104,0.28784,0.36304,0.4104,False,3.25312,0.44395,12,DECam+VISTA,6.5,53.56833,0.8385,0.5873,1.0898,True,0.8385,0.5873,1.0898,True
OGLE-2013-BLG-0446S,271.73408,-31.65756,-0.05,-5.34,5650.0,63.0,4.1,0.4,5.5,1.16,0.75,0.73,0.77,3.9,3.64,4.18,3.64,0.76,5538.0,6446.05,3300.0,-0.04915,-5.34445,0.005,3.15,0.01,0.49,decaps,vvv,law,True,0.804,0.683,0.036,0.3149,14.578,0.326,0.0,46.5,good,1.17716,0.693,0.81577,15.05623,10.26232,8.23379,1.01464,0.06478,0.07625,0.27734,2446,0.40747,0.40747,0.28516,0.33521,0.40747,True,3.1,0.0,0,DECam+VISTA,6.4,0.12,0.8149,0.5705,1.0592,True,0.82846,0.58283,1.02379,True
MOA-2013-BLG-517S,273.40175,-27.72301,4.12,-4.74,6050.0,198.0,4.3,-1.08,10.2,0.8,0.63,0.58,0.67,4.78,3.91,5.23,4.22,0.53,6538.0,6508.21,21.0,4.11607,-4.74191,0.004,4.15,-0.1,0.07,decaps,vvv,law,True,0.543,0.444,0.042,0.3466,14.424,0.27,0.0,101.4,good,1.22297,0.344,0.4207,14.6163,8.3803,7.67008,0.77477,0.0793,0.09699,0.66511,2825,0.26538,0.26538,0.17566,0.21362,0.26538,False,3.1,0.0,0,DECam+VISTA,7.7,0.12,0.6121,0.3801,0.8441,True,0.54182,0.38962,0.63664,False
MOA-2013-BLG-524S,270.62354,-33.10894,-1.78,-5.23,5932.0,289.0,4.4,-1.01,10.2,0.79,0.64,0.59,0.73,5.18,4.04,5.66,3.88,0.57,6323.0,6501.59,30.0,-1.7804,-5.22557,0.004,4.54,-0.07,-0.66,decaps,vvv,law,True,1.321,1.137,0.132,0.3037,14.632,0.315,0.0,171.5,good,1.16183,1.067,1.23967,14.05333,6.46645,8.44112,0.93843,0.15756,0.18305,0.81614,2069,0.52051,0.54541,0.396,0.42114,0.54541,False,2.934,0.26509,70,DECam+VISTA,5.8,40.76167,0.91689,0.78741,1.18172,True,1.02312,0.73369,1.34591,True
MOA-2013-BLG-605S,269.67867,-29.39822,1.06,-2.7,4854.0,66.0,3.3,-0.17,8.3,0.99,0.98,0.96,1.0,2.88,2.4,3.19,2.3,1.02,4885.0,6573.06,13.0,1.05846,-2.69534,0.005,1.9,0.04,0.4,decaps,vvv,law,True,1.239,1.001,0.077,0.3587,14.533,0.202,0.0,15.8,good,1.23776,1.041,1.28851,14.88349,9.47759,8.06492,1.03996,0.09396,0.1163,0.40058,4932,0.64893,0.64795,0.40698,0.63574,0.64795,False,2.95347,0.35892,222,DECam+VISTA,5.1,86.70333,1.3202,1.0296,1.6109,True,1.31869,1.02837,1.60901,True
OGLE-2013-BLG-0692S,274.02775,-27.185,4.86,-4.98,5015.0,88.0,3.6,0.15,4.1,1.12,0.93,0.91,0.97,3.41,2.9,3.83,3.18,0.94,5066.0,6428.57,21.0,4.85511,-4.97808,0.005,2.48,0.01,0.7,decaps,vvv,law,True,0.647,0.512,0.026,0.3783,14.371,0.263,0.0,138.9,good,1.26367,0.522,0.65964,15.05836,10.27242,7.48514,1.01953,0.06384,0.08068,0.4708,1844,0.3479,0.3479,0.24438,0.30469,0.3479,False,3.1,0.0,0,DECam+VISTA,6.0,0.12,0.7767,0.5413,1.0121,True,0.76373,0.53557,0.98315,True
OGLE-2013-BLG-0835S,268.24746,-29.09919,0.69,-1.47,4806.0,200.0,3.3,0.53,5.8,1.13,1.04,0.99,1.12,2.94,2.05,3.66,1.78,1.04,4880.0,6449.97,18.0,0.68908,-1.46551,0.005,1.9,0.0,-0.12,decaps,vvv,law,True,2.416,1.971,0.145,0.3499,14.431,0.106,0.0,54.2,good,1.22577,1.971,2.416,14.311,7.28115,7.69485,1.0,0.16658,0.20419,0.81125,3700,1.18945,1.19043,0.40698,0.64941,1.19141,False,2.64655,0.42521,126,DECam+VISTA,5.6,64.175,2.4741,2.15303,2.89722,True,2.6669,2.3251,3.0087,True
OGLE-2013-BLG-0911S,268.88325,-29.25383,0.84,-2.02,5785.0,77.0,4.1,0.47,4.0,1.24,0.71,0.69,0.74,3.69,3.27,3.95,3.23,0.49,6616.0,6537.32,207.0,0.83633,-2.02265,0.005,2.98,-0.22,0.25,decaps,vvv,law,True,1.771,1.43,0.165,0.3595,14.498,0.161,0.0,71.5,good,1.23846,1.21,1.49854,15.02046,10.09467,7.93597,0.84615,0.17421,0.21576,0.34698,4915,0.79834,0.79736,0.47705,0.56836,0.79736,False,2.88564,0.33868,359,DECam+VISTA,5.4,87.165,1.9881,1.6576,2.3186,True,1.9881,1.6576,2.3186,True
OGLE-2013-BLG-1015S,268.20075,-35.01428,-4.44,-4.43,5571.0,60.0,4.0,0.36,6.4,1.16,0.77,0.75,0.79,3.7,3.44,4.04,3.13,0.73,5633.0,6533.37,48.0,-4.43918,-4.42628,0.004,2.93,-0.04,0.2,decaps,vvv,law,True,0.671,0.544,0.022,0.3552,14.696,0.268,0.0,152.9,good,1.23346,0.504,0.62166,14.94534,9.75142,8.69361,0.92647,0.05817,0.07175,0.30727,3472,0.30859,0.30859,0.23108,0.26978,0.30859,False,3.1,0.0,0,DECam+VISTA,7.2,0.12,0.7117,0.4573,0.9661,True,0.71033,0.4614,0.95097,True
OGLE-2013-BLG-1114S,268.60167,-28.94225,0.98,-1.65,6410.0,259.0,4.4,0.42,1.6,1.33,0.56,0.5,0.64,3.68,2.9,4.12,4.59,0.7,5731.0,6474.95,135.0,0.9814,-1.65306,0.003,3.12,0.14,1.47,decaps,vvv,law,True,1.942,1.662,0.14,0.308,14.44,0.131,0.0,32.6,good,1.16847,1.802,2.10559,15.74641,14.10207,7.72681,1.08424,0.16432,0.192,0.61823,5459,1.01953,0.98438,0.39355,0.51904,0.98535,False,2.69299,0.30657,208,DECam+VISTA,5.9,93.96,1.9318,1.6084,2.2551,True,1.9318,1.6084,2.2551,True
OGLE-2013-BLG-1125S,268.36254,-29.79281,0.14,-1.9,4739.0,86.0,3.0,-0.12,10.3,0.95,1.01,0.99,1.04,2.2,1.64,2.58,1.57,0.96,5012.0,6563.56,10.0,0.14192,-1.9037,0.004,1.19,-0.05,0.38,decaps,vvv,law,True,1.561,1.273,0.099,0.3503,14.482,0.136,0.0,34.1,good,1.22624,1.223,1.49969,14.92331,9.653,7.87771,0.96072,0.11369,0.13941,0.47497,5690,0.84424,0.84131,0.37744,0.82129,0.84131,False,2.62316,0.32043,249,DECam+VISTA,5.1,99.57167,1.71,1.4162,2.0038,True,1.67189,1.3823,1.96488,True
OGLE-2013-BLG-1147S,272.16329,-26.67911,4.51,-3.28,5725.0,96.0,3.8,0.29,4.1,1.38,0.73,0.69,0.75,3.06,2.48,3.55,3.73,0.86,5260.0,6506.75,37.0,4.50763,-3.27549,0.005,2.33,0.13,1.4,decaps,vvv,law,True,1.588,1.355,0.154,0.3107,14.446,0.28,0.0,124.4,good,1.17196,1.485,1.74035,15.69365,13.76351,7.74819,1.09594,0.16467,0.19299,0.53935,2943,0.9458,0.93896,0.48853,0.80908,0.94043,False,2.6711,0.3342,215,DECam+VISTA,6.5,51.805,1.4402,1.13,1.7504,True,1.42768,1.11316,1.73325,True
OGLE-2013-BLG-1259S,272.59725,-27.97933,3.55,-4.24,5299.0,64.0,3.9,-0.21,9.5,0.97,0.83,0.81,0.84,4.03,3.51,4.17,3.17,0.77,5510.0,6511.42,74.0,3.55043,-4.23825,0.002,3.2,-0.06,-0.03,decaps,vvv,law,True,0.773,0.665,0.07,0.3035,14.427,0.255,0.0,134.7,good,1.16241,0.605,0.70326,14.46674,7.82256,7.68069,0.90977,0.08732,0.1015,0.33553,2961,0.42554,0.42554,0.26318,0.37207,0.42554,False,3.16992,0.24158,13,DECam+VISTA,7.4,43.77167,0.81228,0.5863,1.04995,True,0.80687,0.62404,1.02259,True
OGLE-2013-BLG-1768S,268.11075,-31.61217,-1.54,-2.64,4842.0,200.0,3.5,0.11,11.0,1.04,0.98,0.94,1.05,3.11,2.4,3.85,1.87,1.41,4354.0,6553.64,24.0,-1.53721,-2.63986,0.003,2.13,0.43,-0.26,decaps,vvv,law,True,2.603,2.134,0.14,0.3453,14.703,0.198,0.0,55.9,good,1.21978,2.564,3.1275,13.9185,6.07714,8.72168,1.2015,0.15851,0.19334,0.73065,1493,1.41309,1.42578,1.08398,1.40039,1.42285,False,3.19484,0.21972,288,DECam+VISTA,4.5,30.95333,2.45693,2.12816,2.74098,True,2.5544,2.2073,2.9014,True
OGLE-2013-BLG-1793S,268.51954,-29.63447,0.35,-1.94,5503.0,66.0,3.9,0.32,5.4,1.21,0.79,0.77,0.81,3.58,3.17,3.83,3.55,0.84,5312.0,6548.67,21.0,0.34761,-1.94116,0.003,2.79,0.05,0.76,decaps,vvv,law,True,1.636,1.378,0.129,0.3215,14.505,0.144,0.0,38.5,good,1.18723,1.428,1.69536,15.20564,10.99329,7.96159,1.03628,0.13979,0.16596,0.33614,5703,0.85107,0.84229,0.35498,0.75635,0.84229,False,2.59632,0.2929,267,DECam+VISTA,6.0,97.68833,1.7819,1.4162,2.1476,True,1.7819,1.4162,2.1476,True
OGLE-2013-BLG-1868S,271.39817,-30.88514,0.49,-4.72,5732.0,78.0,4.1,0.38,5.3,1.17,0.73,0.7,0.75,3.78,3.45,4.1,3.07,0.73,5632.0,6578.89,37.0,0.49128,-4.72055,0.001,3.05,0.0,0.02,decaps,vvv,law,True,1.149,0.921,0.06,0.3653,14.527,0.292,0.0,151.4,good,1.24756,0.921,1.149,14.547,8.11708,8.04267,1.0,0.08201,0.10231,0.3324,2389,0.61084,0.61084,0.48828,0.57471,0.61084,False,2.83884,0.22973,125,DECam+VISTA,5.1,65.845,1.11288,0.83019,1.39241,True,1.11379,0.83286,1.39107,True
OGLE-2013-BLG-1938S,266.50787,-34.20875,-4.46,-2.82,4921.0,60.0,3.3,-0.41,14.6,0.94,0.95,0.94,0.97,2.81,2.38,3.09,1.58,0.95,5024.0,6581.02,77.0,-4.45958,-2.81707,0.003,1.86,0.0,-0.28,decaps,vvv,law,True,1.402,1.14,0.056,0.3526,14.747,0.262,0.0,94.4,good,1.22982,1.14,1.402,14.467,7.82348,8.9002,1.0,0.07656,0.09415,0.36076,3583,0.72168,0.72266,0.52197,0.68652,0.72217,False,3.01237,0.29859,227,DECam+VISTA,5.6,64.82,1.52673,1.26691,1.77185,True,1.5684,1.3146,1.8222,True
MOA-2014-BLG-131S,269.76042,-31.03186,-0.33,-3.57,5156.0,128.0,4.4,0.29,13.1,0.87,0.87,0.85,0.92,5.91,5.54,6.21,4.91,0.95,5049.0,6750.88,500.0,-0.32653,-3.56789,0.004,5.04,0.08,-0.13,decaps,vvv,law,True,1.844,1.531,0.069,0.3345,14.596,0.229,0.0,74.5,good,1.20444,1.611,1.94036,14.36964,7.48047,8.30233,1.05225,0.09212,0.11095,0.34297,2528,1.00098,1.00195,0.48193,0.95654,1.00195,False,2.70986,0.21221,158,DECam+VISTA,4.3,49.785,1.72999,1.38499,2.03454,True,1.8363,1.5691,2.1035,True
OGLE-2014-BLG-0157S,269.57021,-33.77189,-2.79,-4.78,4951.0,71.0,3.4,-0.52,14.0,0.92,0.94,0.92,0.95,2.91,2.55,3.27,1.81,0.98,4952.0,6730.83,95.0,-2.79322,-4.78505,0.006,1.97,0.04,-0.16,decaps,vvv,law,True,0.881,0.716,0.024,0.3533,14.691,0.275,0.0,170.3,good,1.23045,0.756,0.93022,14.48178,7.87692,8.67361,1.05587,0.05745,0.07069,0.36569,3039,0.49927,0.49927,0.3728,0.44043,0.49927,False,3.34534,0.34948,59,DECam+VISTA,6.7,46.915,0.96995,0.71801,1.19155,True,0.89924,0.63846,1.15913,True
OGLE-2014-BLG-0801S,268.51008,-32.59211,-2.21,-3.43,4720.0,150.0,2.9,0.55,1.2,0.98,1.05,1.02,1.14,2.32,1.2,2.8,2.19,1.04,4880.0,6806.55,102.0,-2.21243,-3.42731,0.004,1.27,-0.01,0.92,decaps,vvv,law,True,1.292,1.057,0.068,0.3471,14.69,0.237,0.0,67.0,good,1.22233,1.047,1.27978,15.62222,13.31817,8.66962,0.99054,0.10356,0.12658,0.80568,3716,0.66748,0.66699,0.47095,0.63574,0.66699,False,3.11201,0.29928,232,DECam+VISTA,5.2,66.88833,1.4242,1.1859,1.6625,True,1.4242,1.1859,1.6625,True
OGLE-2014-BLG-0953S,272.22075,-27.26781,4.02,-3.6,5447.0,109.0,3.9,-0.13,6.2,0.94,0.8,0.76,0.82,3.78,3.25,4.25,3.71,0.72,5674.0,6814.44,27.0,4.01562,-3.60409,0.006,2.98,-0.08,0.73,decaps,vvv,law,True,1.309,1.076,0.104,0.3428,14.428,0.26,0.0,148.4,good,1.21654,0.996,1.21168,15.25532,11.24772,7.68422,0.92565,0.11923,0.14505,0.50501,2760,0.73877,0.7373,0.53613,0.69678,0.73779,False,2.92775,0.33607,133,DECam+VISTA,5.3,49.5,1.247,0.9573,1.5368,True,1.24503,0.95707,1.52802,True
OGLE-2014-BLG-0987S,274.22337,-25.52528,6.41,-4.35,5324.0,126.0,4.0,0.23,10.1,0.99,0.83,0.8,0.86,4.14,3.61,4.41,4.07,0.76,5540.0,6829.1,35.0,6.40753,-4.35249,0.004,3.31,-0.07,0.76,ps1,vvv,law,True,0.864,0.735,0.087,0.3128,14.368,0.307,0.0,87.6,good,1.17551,0.665,0.78171,15.21029,11.01684,7.47481,0.90476,0.10473,0.12311,0.40583,2161,,,,,,False,3.07576,0.91052,31,2MASS+PS1,8.0,28.965,1.0193,0.7133,1.3254,True,0.85406,0.60781,1.04305,False
OGLE-2014-BLG-1122S,271.48154,-29.68231,1.69,-4.39,5552.0,63.0,4.2,-0.32,14.6,0.84,0.77,0.75,0.78,5.24,4.51,5.42,3.98,0.64,5978.0,6838.3,23.0,1.58194,-4.20128,0.217,4.47,-0.13,-0.49,decaps,vvv,law,True,0.81,0.672,0.068,0.3343,14.512,0.267,0.0,88.7,good,1.20536,0.542,0.6533,14.1787,6.85077,7.9873,0.80655,0.08573,0.10333,0.45933,3177,0.40674,0.40698,0.28027,0.38208,0.40698,False,3.15178,0.46565,17,DECam+VISTA,5.3,47.55833,0.76184,0.51553,1.02348,True,0.8043,0.5475,1.0612,True
OGLE-2014-BLG-1370S,268.92638,-31.89286,-1.43,-3.38,5272.0,111.0,4.1,0.43,11.6,0.95,0.84,0.82,0.88,4.22,3.88,4.86,4.49,0.78,5478.0,6866.73,670.0,-1.42957,-3.38029,0.001,3.38,-0.06,1.11,decaps,vvv,law,True,1.308,1.106,0.067,0.3183,14.672,0.229,0.0,104.1,good,1.18264,1.046,1.23704,15.85296,14.81125,8.59805,0.94575,0.08882,0.10504,0.49483,3782,0.71289,0.71289,0.39014,0.69043,0.71289,False,2.95869,0.30571,143,DECam+VISTA,5.0,67.72,1.3931,1.1123,1.6739,True,1.3931,1.1123,1.6739,True
OGLE-2014-BLG-1418S,273.69842,-26.41081,5.4,-4.35,5481.0,85.0,4.1,0.44,8.3,1.06,0.81,0.78,0.83,4.25,3.8,4.58,3.55,0.79,5450.0,6901.49,88.0,5.40119,-4.35393,0.004,3.44,-0.02,0.11,decaps,vvv,law,True,0.909,0.723,0.067,0.3726,14.427,0.29,0.0,44.5,good,1.25726,0.703,0.88385,14.56215,8.17389,7.68069,0.97234,0.08726,0.10971,0.39628,2738,,,,,,False,3.43517,0.54355,53,2MASS+PS1,8.3,23.83,0.95822,0.85721,1.11098,False,1.00926,0.87582,1.14924,False
OGLE-2014-BLG-1469S,269.03142,-30.95361,-0.57,-2.99,5517.0,80.0,3.8,-0.7,7.9,0.93,0.77,0.75,0.79,3.69,3.05,3.9,2.88,0.72,5679.0,6864.55,15.0,-0.57055,-2.98711,0.003,2.92,-0.05,-0.04,decaps,vvv,law,True,1.29,1.054,0.082,0.3482,14.603,0.209,0.0,46.0,good,1.22391,1.004,1.2288,14.6242,8.41083,8.32914,0.95256,0.0981,0.12007,0.43008,4633,0.646,0.646,0.35938,0.6333,0.64551,False,3.08306,0.29291,303,DECam+VISTA,6.7,77.46833,1.3688,1.1165,1.621,True,1.3688,1.1165,1.621,True
OGLE-2014-BLG-2040S,268.99783,-31.27661,-0.86,-3.12,5731.0,151.0,4.1,0.19,6.4,1.06,0.73,0.68,0.77,4.34,3.4,4.74,3.63,,,6959.14,36.0,-0.86489,-3.1241,0.006,3.61,,0.02,decaps,vvv,law,True,1.524,1.234,0.137,0.3566,14.627,0.207,0.0,53.8,good,1.23501,,,,,8.4217,,0.15262,0.18849,0.67513,3696,,0.78369,0.43628,0.75293,0.7832,False,2.87036,0.29059,185,DECam+VISTA,5.2,68.02833,,,,,1.645,1.3746,1.9153,True
OGLE-2015-BLG-0078S,268.87788,-27.96014,1.95,-1.37,5068.0,106.0,3.1,-0.55,4.3,1.04,0.93,0.89,0.95,2.38,1.5,2.82,2.42,1.34,4366.0,7089.88,55.0,1.95222,-1.36724,0.004,1.45,0.41,0.97,decaps,vvv,law,True,,,,,,,,,none,,,,,,,,0.05831,,,1922,,,0.79541,1.41699,1.6377,False,2.83407,0.28897,361,DECam+VISTA,4.7,36.43667,,,,,,,,
MOA-2015-BLG-111S,272.73704,-25.02719,6.21,-2.93,5379.0,100.0,3.9,0.07,6.6,1.05,0.81,0.79,0.84,3.74,3.37,4.19,3.67,0.82,5364.0,7112.41,300.0,6.20667,-2.93324,0.005,2.93,0.01,0.74,ps1,vvv,law,True,1.952,1.568,0.145,0.3641,14.449,0.315,0.0,151.5,good,1.2449,1.578,1.96445,15.17655,10.84701,7.7589,1.00638,0.1554,0.19346,0.41586,1420,,,,,,False,3.564,0.50293,191,2MASS+PS1,4.1,25.97333,1.9997,1.6665,2.3329,True,1.9997,1.6665,2.3329,True
OGLE-2015-BLG-0159S,265.91054,-35.08669,-5.47,-2.85,5479.0,83.0,3.8,0.36,3.7,1.26,0.8,0.77,0.82,3.5,2.77,3.8,,,,7093.99,19.0,-5.46621,-2.85474,0.006,2.7,,,decaps,vvv,law,True,,,,,,,,,none,,,,,,,,0.0559,,,2596,,,0.55908,0.68799,0.77197,False,3.23127,0.27907,233,DECam+VISTA,4.8,50.42833,,,,,,,,
MOA-2010-BLG-037S,271.32471,-27.937,3.04,-3.23,5732.0,109.0,3.9,0.55,4.2,1.29,0.72,0.69,0.76,3.38,2.77,3.95,3.54,0.78,5478.0,5289.46,19.0,3.04387,-3.23341,0.005,2.66,0.06,0.88,decaps,vvv,law,True,0.978,0.829,0.048,0.3161,14.481,0.233,0.0,82.7,good,1.17973,0.889,1.04878,15.29022,11.42992,7.87408,1.07238,0.07765,0.0916,0.59438,3727,0.46289,0.4624,0.25342,0.43652,0.4624,False,3.11023,0.40399,44,DECam+VISTA,6.4,57.15833,0.9602,0.7095,1.2108,True,0.9602,0.7095,1.2108,True
MOA-2010-BLG-049S,271.27925,-26.77022,4.04,-2.63,5694.0,61.0,4.1,-0.4,12.3,0.88,0.73,0.71,0.74,4.17,3.73,4.46,2.67,0.67,5861.0,5263.76,110.0,4.0442,-2.62928,0.004,3.44,-0.06,-0.77,decaps,vvv,law,True,1.5,1.306,0.167,0.2931,14.477,0.233,0.0,79.3,good,1.14855,1.246,1.43109,13.77591,5.69092,7.85959,0.95406,0.17497,0.20096,0.36989,2790,0.84814,0.88965,0.42578,0.72607,0.89014,False,2.75363,0.29747,96,DECam+VISTA,5.6,54.08167,0.96143,0.75593,1.40288,True,1.5973,1.2685,1.9262,True
OGLE-2009-BLG-076S,269.63304,-29.20497,1.21,-2.56,5854.0,108.0,4.3,-0.72,11.6,0.81,0.68,0.65,0.7,5.03,4.43,5.24,4.17,0.68,5828.0,4916.46,70.0,1.20643,-2.56466,0.006,4.35,0.0,-0.18,decaps,vvv,law,True,1.038,0.85,0.104,0.3458,14.516,0.201,0.0,38.1,good,1.22118,0.85,1.038,14.336,7.36546,8.00203,1.0,0.11807,0.14419,0.41071,5811,0.46289,0.46436,0.26929,0.39746,0.46436,False,3.01414,0.42095,151,DECam+VISTA,6.5,94.52333,1.2655,0.96713,1.55016,True,1.2747,0.9747,1.5747,True
MOA-2010-BLG-078S,268.00688,-30.40712,-0.64,-1.95,5205.0,189.0,3.6,-1.0,14.6,0.93,0.82,0.79,0.88,3.07,2.33,3.52,1.79,0.83,5317.0,5285.84,22.0,-0.54393,-1.95062,0.096,2.25,0.01,-0.46,decaps,vvv,law,True,2.274,1.912,0.161,0.3233,14.514,0.114,0.0,41.1,good,1.18933,1.922,2.28589,14.04211,6.43312,7.99466,1.00523,0.17449,0.20752,0.60035,2795,1.30371,1.30664,0.60986,1.28809,1.30664,False,2.88643,0.36619,178,DECam+VISTA,5.1,51.75333,1.86909,1.36657,2.4614,True,2.3553,2.0286,2.682,True
MOA-2006-BLG-099S,268.54579,-35.22722,-4.48,-4.78,5747.0,147.0,4.5,0.44,3.5,1.04,0.73,0.69,0.79,4.9,4.47,5.11,3.79,0.75,5568.0,3940.35,380.0,-4.48153,-4.77729,0.003,4.17,0.02,-0.38,decaps,vvv,law,True,1.174,0.948,0.137,0.3585,14.72,0.275,0.0,153.2,good,1.2384,0.968,1.19877,14.31523,7.29535,8.79023,1.0211,0.15417,0.19093,0.33177,2388,0.56494,0.56494,0.49243,0.53125,0.56494,True,2.98926,0.34218,116,DECam+VISTA,6.9,41.915,1.12206,0.66466,1.32087,True,1.06974,0.67692,1.42641,True
MOA-2009-BLG-133S,271.63688,-31.50317,0.05,-5.19,5529.0,73.0,4.3,-0.69,14.6,0.75,0.77,0.76,0.79,5.77,5.55,5.93,4.17,0.69,5790.0,4932.1,70.0,0.04681,-5.19761,0.008,5.0,-0.08,-0.83,decaps,vvv,law,True,0.843,0.685,0.067,0.3533,14.558,0.314,0.0,106.1,good,1.23066,0.605,0.74455,13.82645,5.82493,8.15831,0.88321,0.08494,0.10453,0.20057,2407,0.40967,0.41162,0.29956,0.35742,0.41162,True,3.15781,0.35169,20,DECam+VISTA,6.0,37.89167,0.7845,0.6871,1.052,False,0.83314,0.6069,1.09778,True
OGLE-2008-BLG-209S,271.20767,-29.70922,1.44,-4.01,5248.0,77.0,3.8,-0.31,7.2,0.98,0.83,0.82,0.86,3.77,3.27,4.05,2.5,0.74,5608.0,4606.09,30.0,1.44258,-4.00634,0.004,2.94,-0.09,-0.44,decaps,vvv,law,True,0.886,0.738,0.083,0.3312,14.526,0.257,0.0,104.4,good,1.20054,0.648,0.77795,14.19405,6.89938,8.03896,0.87805,0.09894,0.11878,0.39532,2901,0.4126,0.4126,0.30078,0.38525,0.4126,False,3.18969,0.41374,20,DECam+VISTA,5.8,42.06333,0.84288,0.6132,1.1736,True,0.88514,0.62037,1.16489,True
OGLE-2006-BLG-265S,271.82867,-27.79519,3.38,-3.55,5462.0,101.0,4.2,0.46,8.7,0.99,0.81,0.79,0.84,5.05,4.51,5.26,3.57,0.69,5764.0,3893.24,212.0,3.38469,-3.55411,0.006,4.24,-0.12,-0.67,decaps,vvv,law,True,0.949,0.778,0.096,0.3452,14.472,0.242,0.0,81.3,good,1.21979,0.658,0.80262,13.94838,6.16134,7.84152,0.84576,0.11109,0.13551,0.38115,3342,0.49805,0.50049,0.33374,0.46973,0.50049,False,3.05425,0.36039,81,DECam+VISTA,6.1,74.98667,1.05055,0.84873,1.11031,True,0.99191,0.73525,1.24446,True
MOA-2010-BLG-285S,269.20067,-30.01096,0.32,-2.64,6057.0,134.0,4.2,-1.21,11.6,0.79,0.62,0.58,0.64,4.66,3.86,4.98,4.77,0.56,6384.0,4354.74,390.0,0.31948,-2.64126,0.001,4.04,-0.06,0.73,decaps,vvv,law,True,1.426,1.16,0.084,0.353,14.558,0.199,0.0,67.1,good,1.22931,1.1,1.35224,15.36176,11.81277,8.15831,0.94828,0.10225,0.1257,0.56457,4685,0.72656,0.72412,0.46924,0.71289,0.72412,False,2.85684,0.29018,291,DECam+VISTA,5.5,81.33667,1.5218,1.2138,1.8299,True,1.5218,1.2138,1.8299,True
MOA-2008-BLG-310S,268.56054,-34.77806,-4.09,-4.56,5675.0,91.0,4.2,0.41,4.9,1.09,0.76,0.72,0.78,4.47,4.07,4.77,3.44,0.7,5731.0,4656.39,280.0,-4.08552,-4.56257,0.005,3.71,-0.06,-0.27,decaps,vvv,law,True,0.956,0.763,0.057,0.3698,14.702,0.265,0.0,106.3,good,1.25295,0.703,0.88082,14.50718,7.96958,8.71766,0.92136,0.08154,0.10217,0.35754,2701,0.48145,0.48169,0.33569,0.40161,0.48145,False,3.13042,0.42331,84,DECam+VISTA,6.2,45.31833,1.05821,0.81493,1.34729,True,1.03607,0.73827,1.33608,True
MOA-2008-BLG-311S,269.22354,-31.39719,-0.87,-3.35,5947.0,81.0,4.5,0.35,0.9,1.17,0.66,0.63,0.68,4.5,4.26,4.6,3.91,0.67,5838.0,4655.4,400.0,-0.87287,-3.35135,0.003,3.84,0.01,0.07,decaps,vvv,law,True,1.467,1.252,0.138,0.3107,14.624,0.216,0.0,92.1,good,1.17173,1.262,1.47872,14.68228,8.63886,8.41008,1.00799,0.14889,0.17446,0.18218,3770,0.68115,0.68115,0.36304,0.65625,0.68066,True,2.85885,0.27424,234,DECam+VISTA,5.5,67.77,1.442,1.1635,1.7206,True,1.442,1.1635,1.7206,True
OGLE-2007-BLG-349S,271.35179,-26.42194,4.38,-2.52,5237.0,119.0,4.2,0.42,13.1,0.9,0.88,0.84,0.9,5.53,4.96,5.83,4.14,0.79,5450.0,4348.56,400.0,4.38019,-2.51596,0.004,4.65,-0.09,-0.51,decaps,vvv,law,True,1.422,1.202,0.149,0.3189,14.486,0.251,0.0,55.0,good,1.18303,1.112,1.31553,14.08247,6.55382,7.89223,0.92512,0.16,0.18929,0.44044,3280,0.71484,0.71875,0.38867,0.66504,0.71875,False,2.89857,0.32222,178,DECam+VISTA,5.6,57.905,1.43517,1.16577,1.73171,True,1.655,1.2708,2.0392,True
MOA-2009-BLG-456S,267.235,-34.22492,-4.16,-3.34,5662.0,89.0,4.2,0.13,8.7,0.98,0.75,0.72,0.77,4.67,4.28,4.92,2.74,0.67,5846.0,5090.94,77.0,-4.16296,-3.34057,0.003,3.92,-0.08,-1.18,decaps,vvv,law,True,1.616,1.277,0.056,0.3791,14.764,0.259,0.0,54.7,good,1.26547,1.197,1.51476,13.68524,5.45817,8.97016,0.93735,0.07913,0.10013,0.32773,2533,0.78662,0.8042,0.62695,0.73047,0.80322,False,3.12625,0.25916,263,DECam+VISTA,5.5,49.69333,1.5344,1.3743,2.028,False,1.7555,1.4836,2.0273,True
MOA-2009-BLG-475S,270.61442,-27.44706,3.16,-2.45,5836.0,189.0,4.4,-0.52,8.7,0.86,0.69,0.64,0.74,5.1,4.27,5.4,4.23,0.6,6157.0,5084.92,62.0,3.16333,-2.44514,0.006,4.41,-0.09,-0.18,decaps,vvv,law,True,1.604,1.292,0.152,0.3615,14.49,0.206,0.0,119.7,good,1.24149,1.202,1.49227,14.42173,7.66208,7.90679,0.93034,0.16764,0.20813,0.57178,3128,0.82031,0.82129,0.34277,0.75439,0.82129,False,2.77017,0.29679,174,DECam+VISTA,4.6,56.26833,1.78656,1.46533,2.11143,True,1.8046,1.4829,2.1264,True
MOA-2009-BLG-489S,269.44446,-28.64914,1.61,-2.14,5543.0,61.0,4.1,-0.21,13.6,0.91,0.76,0.75,0.78,4.26,3.82,4.45,3.37,0.86,5251.0,5095.52,103.0,1.60624,-2.1444,0.006,3.5,0.1,-0.13,decaps,vvv,law,True,1.776,1.475,0.104,0.3343,14.498,0.194,0.0,25.1,good,1.20407,1.575,1.89641,14.24759,7.07162,7.93597,1.0678,0.11637,0.14011,0.32121,4579,0.89648,0.90039,0.57861,0.81543,0.90039,True,2.83297,0.35658,336,DECam+VISTA,5.6,82.65833,1.80719,1.48184,2.13473,True,1.8657,1.511,2.2204,True
MOA-2009-BLG-493S,268.94221,-28.80708,1.25,-1.84,5420.0,119.0,4.4,-0.74,13.1,0.73,0.82,0.78,0.83,6.03,5.75,6.31,4.74,0.68,5829.0,5094.61,150.0,1.2486,-1.84246,0.003,5.21,-0.14,-0.47,decaps,vvv,law,True,1.591,1.261,0.146,0.3761,14.476,0.191,0.0,220.5,good,1.2617,1.121,1.41436,14.18264,6.86321,7.85597,0.88898,0.15634,0.19725,0.28875,5257,0.8418,0.85205,0.54004,0.63477,0.85303,True,2.8359,0.34192,234,DECam+VISTA,4.6,92.645,1.77701,1.49683,2.09051,True,1.9166,1.6071,2.226,True
OGLE-2007-BLG-514S,269.51287,-27.51825,2.62,-1.63,5644.0,111.0,4.1,0.29,6.4,1.02,0.75,0.71,0.78,4.26,3.52,4.74,4.34,0.71,5700.0,4386.28,1200.0,2.61663,-1.63179,0.004,3.51,-0.04,0.83,decaps,vvv,law,True,2.326,1.975,0.198,0.3147,14.475,0.195,0.0,58.5,good,1.17772,1.935,2.27889,15.35211,11.76039,7.85236,0.97975,0.20719,0.24402,0.61422,2693,1.32227,1.25781,0.6499,1.18555,1.25879,False,2.88974,0.38869,325,DECam+VISTA,5.8,51.49167,2.4174,2.096,2.7387,True,2.4174,2.096,2.7387,True
MACHO-1999-BLG-022S,271.272,-28.57825,2.46,-3.51,5632.0,110.0,4.1,-0.49,13.1,0.87,0.74,0.7,0.76,4.1,3.58,4.64,,,,1365.5,28.0,2.46016,-3.5051,0.005,3.36,,,decaps,vvv,law,True,0.951,0.824,0.054,0.2974,14.497,0.246,0.0,102.6,good,1.15413,,,,,7.93232,,0.07947,0.09172,0.53426,3759,,0.52246,0.2749,0.49951,0.52246,False,3.32077,0.39836,53,DECam+VISTA,6.7,53.31333,,,,,0.89501,0.66118,1.12856,True
