D_kpc,AV_target,AV_nb_min,AV_nb_med,AV_nb_max,N
0.6,0.4978,0.3035,0.4978,0.8925,12.0
0.7,0.4929,0.344,0.4929,0.617,17.0
0.8,0.5037,0.3836,0.5037,0.6436,24.0
0.9,0.5659,0.442,0.5659,1.0713,38.0
1.0,0.7638,0.4739,0.7638,1.1762,45.0
1.1,1.0284,0.5322,1.0284,1.2907,59.0
1.2,1.1431,0.611,1.1431,1.5049,80.0
1.3,1.1596,0.8017,1.1596,1.5435,97.0
1.4,1.1764,0.9537,1.1764,1.5771,109.0
1.5,1.2071,1.0694,1.2071,1.6285,111.0
1.6,1.2071,1.0721,1.2071,1.5826,119.0
1.7,1.199,1.0735,1.199,1.5756,124.0
1.8,1.2183,1.0856,1.2183,1.5764,135.0
1.9,1.2439,1.089,1.2439,1.5781,127.0
2.0,1.2455,1.0719,1.2455,1.5804,118.0
2.1,1.2747,1.0707,1.2747,1.5831,116.0
2.2,1.2806,1.0693,1.2806,1.5393,114.0
2.3,1.2875,1.0723,1.2875,1.5463,106.0
2.4,1.2875,1.0723,1.2875,1.5662,106.0
2.5,1.2958,1.0718,1.2958,1.5807,99.0
2.6,1.3279,1.0749,1.3279,1.5916,97.0
2.7,1.3461,1.0855,1.3461,1.5942,95.0
2.8,1.3575,1.0895,1.3575,1.6082,85.0
2.9,1.4186,1.1179,1.4186,1.6394,75.0
3.0,1.439,1.0855,1.439,1.686,70.0
3.1,1.4269,1.0839,1.4269,1.7369,69.0
3.2,1.4228,1.0822,1.4228,1.8051,68.0
3.3,1.439,1.1504,1.439,1.8051,68.0
3.4,1.4562,1.182,1.4562,1.8128,61.0
3.5,1.4566,1.1778,1.4566,1.8581,60.0
3.6,1.4715,1.2111,1.4715,1.8719,54.0
3.7,1.4715,1.2081,1.4715,1.8772,52.0
3.8,1.4715,1.2147,1.4715,1.8854,48.0
3.9,1.4727,1.2226,1.4727,1.891,45.0
4.0,1.4727,1.2308,1.4727,1.8965,43.0
4.1,1.4715,1.2209,1.4715,1.8647,38.0
4.2,1.4703,1.2184,1.4703,1.8724,37.0
4.3,1.4727,1.2184,1.4727,1.8826,37.0
4.4,1.5531,1.2019,1.5531,1.8963,32.0
4.5,1.6168,1.219,1.6168,2.0132,31.0
4.6,1.6419,1.2165,1.6419,2.0135,30.0
4.7,1.6985,1.232,1.6985,2.0141,28.0
4.8,1.7424,1.2432,1.7424,2.0134,24.0
4.9,1.7424,1.3094,1.7424,2.014,22.0
5.0,1.73,1.2843,1.73,1.9862,21.0
5.1,1.7547,1.3907,1.7547,2.0131,19.0
5.2,1.7558,1.439,1.7558,2.0136,17.0
5.3,1.8133,1.4553,1.8133,2.0142,15.0
5.4,1.7558,1.4553,1.7558,2.0142,15.0
5.5,1.8416,1.5477,1.8416,2.0297,12.0
5.6,1.7623,1.4810,1.7623,1.9455,0.0
5.7,1.7566,1.4761,1.7566,1.9426,0.0
5.8,1.7509,1.4712,1.7509,1.9396,0.0
5.9,1.7453,1.4663,1.7453,1.9365,0.0
6.0,1.7396,1.4614,1.7396,1.9335,0.0
6.1,1.7340,1.4565,1.7340,1.9306,0.0
6.2,1.7283,1.4516,1.7283,1.9276,0.0
6.3,1.7226,1.4467,1.7226,1.9246,0.0
6.4,1.7169,1.4418,1.7169,1.9216,0.0
6.5,1.7112,1.4369,1.7112,1.9186,0.0
6.6,1.7055,1.4320,1.7055,1.9156,0.0
6.7,1.6999,1.4271,1.6999,1.9126,0.0
6.8,1.6942,1.4222,1.6942,1.9096,0.0
6.9,1.6885,1.4173,1.6885,1.9067,0.0
7.0,1.6829,1.4124,1.6829,1.9036,0.0
7.1,1.6772,1.4076,1.6772,1.9006,0.0
7.2,1.6715,1.4028,1.6715,1.8976,0.0
7.3,1.6658,1.3979,1.6658,1.8947,0.0
7.4,1.6601,1.3930,1.6601,1.8917,0.0
7.5,1.6545,1.3881,1.6545,1.8886,0.0
7.6,1.6488,1.3832,1.6488,1.8856,0.0
7.7,1.6431,1.3783,1.6431,1.8827,0.0
7.8,1.6375,1.3734,1.6375,1.8797,0.0
7.9,1.6318,1.3685,1.6318,1.8767,0.0
8.0,1.6261,1.3636,1.6261,1.8736,0.0
8.1,1.6204,1.3587,1.6204,1.8707,0.0
8.2,1.6147,1.3538,1.6147,1.8677,0.0
8.3,1.6091,1.3489,1.6091,1.8647,0.0
8.4,1.6034,1.3440,1.6034,1.8617,0.0
8.5,1.6017,1.3426,1.6017,1.8608,0.0
8.6,1.6017,1.3426,1.6017,1.8608,0.0
8.7,1.6017,1.3426,1.6017,1.8608,0.0
8.8,1.6017,1.3426,1.6017,1.8608,0.0
8.9,1.6017,1.3426,1.6017,1.8608,0.0
9.0,1.6017,1.3426,1.6017,1.8608,0.0
9.1,1.6017,1.3426,1.6017,1.8608,0.0
9.2,1.6017,1.3426,1.6017,1.8608,0.0
9.3,1.6017,1.3426,1.6017,1.8608,0.0
9.4,1.6017,1.3426,1.6017,1.8608,0.0
9.5,1.6017,1.3426,1.6017,1.8608,0.0
9.6,1.6017,1.3426,1.6017,1.8608,0.0
9.7,1.6017,1.3426,1.6017,1.8608,0.0
9.8,1.6017,1.3426,1.6017,1.8608,0.0
9.9,1.6017,1.3426,1.6017,1.8608,0.0
10.0,1.6017,1.3426,1.6017,1.8608,0.0
10.1,1.6017,1.3426,1.6017,1.8608,0.0
10.2,1.6017,1.3426,1.6017,1.8608,0.0
10.3,1.6017,1.3426,1.6017,1.8608,0.0
10.4,1.6017,1.3426,1.6017,1.8608,0.0
10.5,1.6017,1.3426,1.6017,1.8608,0.0
10.6,1.6017,1.3426,1.6017,1.8608,0.0
10.7,1.6017,1.3426,1.6017,1.8608,0.0
10.8,1.6017,1.3426,1.6017,1.8608,0.0
10.9,1.6017,1.3426,1.6017,1.8608,0.0
11.0,1.6017,1.3426,1.6017,1.8608,0.0
11.1,1.6017,1.3426,1.6017,1.8608,0.0
11.2,1.6017,1.3426,1.6017,1.8608,0.0
11.3,1.6017,1.3426,1.6017,1.8608,0.0
11.4,1.6017,1.3426,1.6017,1.8608,0.0
11.5,1.6017,1.3426,1.6017,1.8608,0.0
11.6,1.6017,1.3426,1.6017,1.8608,0.0
11.7,1.6017,1.3426,1.6017,1.8608,0.0
11.8,1.6017,1.3426,1.6017,1.8608,0.0
11.9,1.6017,1.3426,1.6017,1.8608,0.0
12.0,1.6017,1.3426,1.6017,1.8608,0.0
