name,ra,dec,b,n_gr,AV_desi_gr,AV_desi_gr_err,AV_desi_gr_pixsd,AV_sfd086,n_rz,AV_desi_rz,AV_desi_rz_err,AV_desi_rz_pixsd,mws_rows_hp32,EBV_desi_gr,AV_dl,AV_dl_err,n_dl,AV_dl_all
F10804,253.8281,34.2289,37.85,202,0.03304,0.00343,0.02566,0.04531,170,0.06723,0.00441,0.0321,13387,0.01066,0.0173,0.00369,397,0.02203
F05222,216.1765,52.0297,59.58,159,0.03877,0.00388,0.02982,0.0298,130,0.03113,0.00695,0.05199,6030,0.01251,0.01553,0.00495,134,0.02172
F23818,194.0625,1.7908,64.64,235,0.04295,0.00313,0.02344,0.051,225,0.05899,0.00408,0.03051,5060,0.01386,0.01755,0.00475,129,0.02008
F07731,243.1452,43.4069,46.59,174,0.04761,0.00415,0.02994,0.02939,153,0.05359,0.00646,0.04565,6693,0.01536,0.0204,0.00341,258,0.01826
F24042,149.7656,1.1937,41.24,162,0.0556,0.0039,0.02895,0.06099,141,0.04466,0.00492,0.03647,16691,0.01794,0.01602,0.00407,135,0.02223
F24321,181.4062,0.5968,61.28,172,0.06267,0.00351,0.02507,0.06518,151,0.06859,0.00314,0.02219,10777,0.02022,0.03045,0.01163,48,0.02731
F24343,212.3438,0.5968,57.54,280,0.07238,0.00317,0.02351,0.10177,255,0.09277,0.00406,0.0301,11661,0.02335,0.01798,0.0058,155,0.02125
F24603,218.6719,0.0,53.24,306,0.08166,0.00458,0.03393,0.10807,275,0.11063,0.00378,0.02751,11588,0.02634,0.03124,0.00788,126,0.03611
F22293,209.5312,5.3794,63.07,237,0.0836,0.00359,0.02636,0.07452,233,0.0592,0.00413,0.03034,9588,0.02697,0.01004,0.00575,126,0.01107
F02925,268.8158,61.9438,30.26,288,0.10352,0.00336,0.02599,0.08246,198,0.11838,0.0061,0.04607,6608,0.03339,0.01111,0.00223,427,0.01627
F23587,229.9219,2.388,46.77,255,0.11548,0.00363,0.02542,0.11474,224,0.1344,0.00451,0.0319,5829,0.03725,0.0096,0.00479,120,-0.00192
F24545,137.1094,0.0,30.06,280,0.12477,0.00334,0.02479,0.0864,232,0.08922,0.00384,0.02795,5970,0.04025,0.02128,0.00368,284,0.02229
F24095,224.2969,1.1937,50.24,338,0.13723,0.00332,0.02481,0.12525,311,0.16027,0.00343,0.02541,5192,0.04427,0.06789,0.01412,122,0.04134
F01952,268.5484,67.1897,30.37,251,0.15918,0.00302,0.02259,0.12043,160,0.15326,0.00614,0.04295,8793,0.05135,0.02542,0.0025,378,0.02795
F22832,247.5,4.1815,33.16,507,0.184,0.00291,0.02174,0.17246,421,0.17949,0.00361,0.02698,5663,0.05936,0.06488,0.01139,384,0.0375
F23591,235.5469,2.388,42.27,351,0.20565,0.00404,0.0302,0.19863,324,0.2102,0.00414,0.03097,4927,0.06634,0.13262,0.01285,139,0.06075
F24482,48.5156,0.0,-46.31,192,0.2317,0.00711,0.05271,0.22895,172,0.24424,0.00711,0.05179,3906,0.07474,0.09847,0.02283,61,0.09274
F20020,253.8281,10.8069,30.65,486,0.24502,0.00435,0.03257,0.19054,486,0.23959,0.0039,0.02916,3640,0.07904,0.07603,0.0047,378,0.04502
F24038,144.1406,1.1937,36.62,205,0.27492,0.0089,0.06602,0.17096,181,0.19009,0.0087,0.06334,3714,0.08868,0.05617,0.00501,141,0.04561
COSMOS,150.12,2.21,42.1,196,0.04531,0.00334,0.02479,0.05072,175,0.05522,0.00352,0.02587,26408,0.01461,0.02476,0.00626,130,0.02721
